-- phpMyAdmin SQL Dump
-- version 5.2.1
-- https://www.phpmyadmin.net/
--
-- Host: 127.0.0.1
-- Generation Time: Jul 14, 2025 at 10:03 PM
-- Server version: 10.4.32-MariaDB
-- PHP Version: 8.2.12

SET SQL_MODE = "NO_AUTO_VALUE_ON_ZERO";
START TRANSACTION;
SET time_zone = "+00:00";


/*!40101 SET @OLD_CHARACTER_SET_CLIENT=@@CHARACTER_SET_CLIENT */;
/*!40101 SET @OLD_CHARACTER_SET_RESULTS=@@CHARACTER_SET_RESULTS */;
/*!40101 SET @OLD_COLLATION_CONNECTION=@@COLLATION_CONNECTION */;
/*!40101 SET NAMES utf8mb4 */;

--
-- Database: `ims_db`
--

-- --------------------------------------------------------

--
-- Table structure for table `frequency_category_info`
--

CREATE TABLE `frequency_category_info` (
  `f_id` int(11) NOT NULL,
  `f_category` varchar(50) NOT NULL,
  `sad_id` int(11) NOT NULL
) ENGINE=InnoDB DEFAULT CHARSET=utf8mb4 COLLATE=utf8mb4_general_ci;

--
-- Dumping data for table `frequency_category_info`
--

INSERT INTO `frequency_category_info` (`f_id`, `f_category`, `sad_id`) VALUES
(1, 'Daily', 1),
(2, 'Weekly', 1),
(3, 'Monthly', 1),
(4, 'Daily', 2),
(5, 'Weekly', 2),
(6, 'Monthly', 2);

-- --------------------------------------------------------

--
-- Table structure for table `gudian_members`
--

CREATE TABLE `gudian_members` (
  `gm_id` int(11) NOT NULL,
  `gm_names` varchar(100) NOT NULL,
  `gm_Nid` varchar(20) NOT NULL,
  `gm_phonenumber` varchar(10) NOT NULL,
  `iki_id` int(11) NOT NULL
) ENGINE=InnoDB DEFAULT CHARSET=utf8mb4 COLLATE=utf8mb4_general_ci;

--
-- Dumping data for table `gudian_members`
--

INSERT INTO `gudian_members` (`gm_id`, `gm_names`, `gm_Nid`, `gm_phonenumber`, `iki_id`) VALUES
(1, 'HARERIMANA Alphonse', '11996680056500008', '0787439194', 1);

-- --------------------------------------------------------

--
-- Table structure for table `ikimina_info`
--

CREATE TABLE `ikimina_info` (
  `iki_id` int(11) NOT NULL,
  `iki_name` varchar(20) NOT NULL,
  `iki_email` varchar(50) NOT NULL,
  `iki_username` varchar(20) NOT NULL,
  `iki_password` varchar(10) NOT NULL,
  `iki_location` int(11) NOT NULL,
  `f_id` int(11) NOT NULL,
  `dayOfEvent` varchar(60) NOT NULL,
  `timeOfEvent` time NOT NULL,
  `numberOfEvents` int(11) NOT NULL DEFAULT 1,
  `penalty_time_delay` decimal(10,2) DEFAULT 0.00,
  `penalty_date_delay` decimal(10,2) DEFAULT 0.00,
  `saving_period_gap` decimal(4,2) DEFAULT 1.00,
  `saving_gap_unit` enum('minutes','hours') DEFAULT 'minutes',
  `created_at` datetime DEFAULT current_timestamp()
) ENGINE=InnoDB DEFAULT CHARSET=utf8mb4 COLLATE=utf8mb4_general_ci;

--
-- Dumping data for table `ikimina_info`
--

INSERT INTO `ikimina_info` (`iki_id`, `iki_name`, `iki_email`, `iki_username`, `iki_password`, `iki_location`, `f_id`, `dayOfEvent`, `timeOfEvent`, `numberOfEvents`, `penalty_time_delay`, `penalty_date_delay`, `saving_period_gap`, `saving_gap_unit`, `created_at`) VALUES
(1, 'Umurava', 'umurava@gmail.com', 'umurava', '12345', 2, 5, 'Monday, Sunday, Thursday', '13:00:00', 3, 0.00, 0.00, 60.00, 'minutes', '2025-07-14 20:14:28'),
(2, 'Tuzamurane', 'tuzamurane@gmail.com', 'tuzamurane', '12345', 3, 4, 'Daily', '14:30:00', 1, 0.00, 0.00, 60.00, 'minutes', '2025-07-14 21:23:29');

-- --------------------------------------------------------

--
-- Table structure for table `ikimina_locations`
--

CREATE TABLE `ikimina_locations` (
  `location_id` int(11) NOT NULL,
  `ikimina_name` varchar(30) DEFAULT NULL,
  `province` varchar(20) DEFAULT NULL,
  `district` varchar(20) DEFAULT NULL,
  `sector` varchar(20) DEFAULT NULL,
  `cell` varchar(20) DEFAULT NULL,
  `village` varchar(20) DEFAULT NULL,
  `sad_id` int(11) NOT NULL,
  `f_id` int(11) NOT NULL
) ENGINE=InnoDB DEFAULT CHARSET=utf8mb4 COLLATE=utf8mb4_general_ci;

--
-- Dumping data for table `ikimina_locations`
--

INSERT INTO `ikimina_locations` (`location_id`, `ikimina_name`, `province`, `district`, `sector`, `cell`, `village`, `sad_id`, `f_id`) VALUES
(1, 'Tuzamurane', 'Iburasirazuba', 'Ngoma', 'Rukumberi', 'Ntovi', 'Kigese', 1, 1),
(2, 'Umurava', 'Amajyepfo', 'Kamonyi', 'Musambira', 'Mpushi', 'Kamashashi', 2, 5),
(3, 'Tuzamurane', 'Amajyepfo', 'Kamonyi', 'Musambira', 'Kivumu', 'Nyerenga', 2, 4);

-- --------------------------------------------------------

--
-- Table structure for table `ikimina_locations_backup`
--

CREATE TABLE `ikimina_locations_backup` (
  `id` int(11) NOT NULL DEFAULT 0,
  `ikimina_id` int(11) NOT NULL,
  `ikimina_name` varchar(30) DEFAULT NULL,
  `province` varchar(20) DEFAULT NULL,
  `district` varchar(20) DEFAULT NULL,
  `sector` varchar(20) DEFAULT NULL,
  `cell` varchar(20) DEFAULT NULL,
  `village` varchar(20) DEFAULT NULL,
  `sad_id` int(11) NOT NULL,
  `f_id` int(11) NOT NULL
) ENGINE=InnoDB DEFAULT CHARSET=utf8mb4 COLLATE=utf8mb4_general_ci;

--
-- Dumping data for table `ikimina_locations_backup`
--

INSERT INTO `ikimina_locations_backup` (`id`, `ikimina_id`, `ikimina_name`, `province`, `district`, `sector`, `cell`, `village`, `sad_id`, `f_id`) VALUES
(1, 1, 'Tuzamurane', 'Iburasirazuba', 'Ngoma', 'Rukumberi', 'Ntovi', 'Kigese', 1, 1),
(2, 2, 'Tuzamurane', 'Iburasirazuba', 'Ngoma', 'Rukumberi', 'Rwintashya', 'Bare', 1, 2),
(4, 3, 'Umurava', 'Iburasirazuba', 'Ngoma', 'Rukumberi', 'Gituza', 'Gitesanyi', 1, 3),
(5, 4, 'Umurava', 'Iburasirazuba', 'Ngoma', 'Rukumberi', 'Rubona', 'Ruyenzi I', 1, 1),
(6, 5, 'Tuzamurane', 'Amajyepfo', 'Kamonyi', 'Musambira', 'Mpushi', 'Kamashashi', 9, 4),
(7, 6, 'Umurava', 'Amajyepfo', 'Kamonyi', 'Musambira', 'Kivumu', 'Gitega', 9, 5),
(8, 7, 'NEW Vission', 'Amajyepfo', 'Kamonyi', 'Musambira', 'Mpushi', 'Kamashashi', 9, 6),
(9, 8, 'NewDel', 'Iburasirazuba', 'Ngoma', 'Rukumberi', 'Rubona', 'Rugenda Ii', 1, 3),
(10, 9, 'soso', 'Amajyepfo', 'Kamonyi', 'Musambira', 'Buhoro', 'Busasamana', 9, 4),
(11, 10, 'Ikij', 'Amajyepfo', 'Kamonyi', 'Musambira', 'Buhoro', 'Busasamana', 9, 4),
(12, 11, 'nimwiza', 'Iburasirazuba', 'Ngoma', 'Rukumberi', 'Gituza', 'Mfune', 1, 3);

-- --------------------------------------------------------

--
-- Table structure for table `ikimina_saving_rules`
--

CREATE TABLE `ikimina_saving_rules` (
  `rule_id` int(11) NOT NULL,
  `iki_id` int(11) NOT NULL,
  `saving_ratio` decimal(10,2) DEFAULT 0.00,
  `time_delay_penalty` decimal(10,2) DEFAULT 0.00,
  `date_delay_penalty` decimal(10,2) DEFAULT 0.00,
  `time_limit_minutes` int(11) DEFAULT 0,
  `created_at` timestamp NOT NULL DEFAULT current_timestamp()
) ENGINE=InnoDB DEFAULT CHARSET=utf8mb4 COLLATE=utf8mb4_general_ci;

--
-- Dumping data for table `ikimina_saving_rules`
--

INSERT INTO `ikimina_saving_rules` (`rule_id`, `iki_id`, `saving_ratio`, `time_delay_penalty`, `date_delay_penalty`, `time_limit_minutes`, `created_at`) VALUES
(1, 2, 100.00, 2.00, 5.00, 100, '2025-07-14 10:24:54'),
(2, 1, 20.00, 10.00, 16.00, 120, '2025-07-14 18:30:58');

-- --------------------------------------------------------

--
-- Table structure for table `ikimina_saving_slots`
--

CREATE TABLE `ikimina_saving_slots` (
  `slot_id` int(11) NOT NULL,
  `iki_id` int(11) NOT NULL,
  `slot_date` date NOT NULL,
  `slot_time` time NOT NULL,
  `frequency_category` enum('Daily','Weekly','Monthly') DEFAULT NULL,
  `slot_status` enum('future','current','missed','saved') DEFAULT 'future',
  `created_at` timestamp NOT NULL DEFAULT current_timestamp()
) ENGINE=InnoDB DEFAULT CHARSET=utf8mb4 COLLATE=utf8mb4_general_ci;

--
-- Dumping data for table `ikimina_saving_slots`
--

INSERT INTO `ikimina_saving_slots` (`slot_id`, `iki_id`, `slot_date`, `slot_time`, `frequency_category`, `slot_status`, `created_at`) VALUES
(1, 1, '2025-07-14', '13:00:00', 'Weekly', 'future', '2025-07-14 19:07:23'),
(2, 1, '2025-07-20', '13:00:00', 'Weekly', 'future', '2025-07-14 19:07:23'),
(3, 1, '2025-07-17', '13:00:00', 'Weekly', 'future', '2025-07-14 19:07:23'),
(4, 1, '2025-07-21', '13:00:00', 'Weekly', 'future', '2025-07-14 19:07:23'),
(5, 1, '2025-07-27', '13:00:00', 'Weekly', 'future', '2025-07-14 19:07:23'),
(6, 1, '2025-07-24', '13:00:00', 'Weekly', 'future', '2025-07-14 19:07:23'),
(7, 1, '2025-07-28', '13:00:00', 'Weekly', 'future', '2025-07-14 19:07:23'),
(8, 1, '2025-08-03', '13:00:00', 'Weekly', 'future', '2025-07-14 19:07:23'),
(9, 1, '2025-07-31', '13:00:00', 'Weekly', 'future', '2025-07-14 19:07:23'),
(10, 1, '2025-08-04', '13:00:00', 'Weekly', 'future', '2025-07-14 19:07:23'),
(11, 1, '2025-08-10', '13:00:00', 'Weekly', 'future', '2025-07-14 19:07:23'),
(12, 1, '2025-08-07', '13:00:00', 'Weekly', 'future', '2025-07-14 19:07:23'),
(13, 1, '2025-08-11', '13:00:00', 'Weekly', 'future', '2025-07-14 19:07:23'),
(14, 1, '2025-08-17', '13:00:00', 'Weekly', 'future', '2025-07-14 19:07:23'),
(15, 1, '2025-08-14', '13:00:00', 'Weekly', 'future', '2025-07-14 19:07:23'),
(16, 1, '2025-08-18', '13:00:00', 'Weekly', 'future', '2025-07-14 19:07:23'),
(17, 1, '2025-08-24', '13:00:00', 'Weekly', 'future', '2025-07-14 19:07:23'),
(18, 1, '2025-08-21', '13:00:00', 'Weekly', 'future', '2025-07-14 19:07:23'),
(19, 1, '2025-08-25', '13:00:00', 'Weekly', 'future', '2025-07-14 19:07:23'),
(20, 1, '2025-08-31', '13:00:00', 'Weekly', 'future', '2025-07-14 19:07:23'),
(21, 1, '2025-08-28', '13:00:00', 'Weekly', 'future', '2025-07-14 19:07:23'),
(22, 1, '2025-09-01', '13:00:00', 'Weekly', 'future', '2025-07-14 19:07:23'),
(23, 1, '2025-09-07', '13:00:00', 'Weekly', 'future', '2025-07-14 19:07:23'),
(24, 1, '2025-09-04', '13:00:00', 'Weekly', 'future', '2025-07-14 19:07:23'),
(25, 1, '2025-09-08', '13:00:00', 'Weekly', 'future', '2025-07-14 19:07:23'),
(26, 1, '2025-09-14', '13:00:00', 'Weekly', 'future', '2025-07-14 19:07:23'),
(27, 1, '2025-09-11', '13:00:00', 'Weekly', 'future', '2025-07-14 19:07:23'),
(28, 1, '2025-09-15', '13:00:00', 'Weekly', 'future', '2025-07-14 19:07:23'),
(29, 1, '2025-09-21', '13:00:00', 'Weekly', 'future', '2025-07-14 19:07:23'),
(30, 1, '2025-09-18', '13:00:00', 'Weekly', 'future', '2025-07-14 19:07:23'),
(31, 1, '2025-09-22', '13:00:00', 'Weekly', 'future', '2025-07-14 19:07:23'),
(32, 1, '2025-09-28', '13:00:00', 'Weekly', 'future', '2025-07-14 19:07:23'),
(33, 1, '2025-09-25', '13:00:00', 'Weekly', 'future', '2025-07-14 19:07:23'),
(34, 1, '2025-09-29', '13:00:00', 'Weekly', 'future', '2025-07-14 19:07:23'),
(35, 1, '2025-10-05', '13:00:00', 'Weekly', 'future', '2025-07-14 19:07:23'),
(36, 1, '2025-10-02', '13:00:00', 'Weekly', 'future', '2025-07-14 19:07:23'),
(37, 1, '2025-10-06', '13:00:00', 'Weekly', 'future', '2025-07-14 19:07:23'),
(38, 1, '2025-10-12', '13:00:00', 'Weekly', 'future', '2025-07-14 19:07:23'),
(39, 1, '2025-10-09', '13:00:00', 'Weekly', 'future', '2025-07-14 19:07:23'),
(40, 1, '2025-10-13', '13:00:00', 'Weekly', 'future', '2025-07-14 19:07:23'),
(41, 1, '2025-10-19', '13:00:00', 'Weekly', 'future', '2025-07-14 19:07:23'),
(42, 1, '2025-10-16', '13:00:00', 'Weekly', 'future', '2025-07-14 19:07:23'),
(43, 1, '2025-10-20', '13:00:00', 'Weekly', 'future', '2025-07-14 19:07:23'),
(44, 1, '2025-10-26', '13:00:00', 'Weekly', 'future', '2025-07-14 19:07:23'),
(45, 1, '2025-10-23', '13:00:00', 'Weekly', 'future', '2025-07-14 19:07:23'),
(46, 1, '2025-10-27', '13:00:00', 'Weekly', 'future', '2025-07-14 19:07:23'),
(47, 1, '2025-11-02', '13:00:00', 'Weekly', 'future', '2025-07-14 19:07:23'),
(48, 1, '2025-10-30', '13:00:00', 'Weekly', 'future', '2025-07-14 19:07:23'),
(49, 1, '2025-11-03', '13:00:00', 'Weekly', 'future', '2025-07-14 19:07:23'),
(50, 1, '2025-11-09', '13:00:00', 'Weekly', 'future', '2025-07-14 19:07:23'),
(51, 1, '2025-11-06', '13:00:00', 'Weekly', 'future', '2025-07-14 19:07:23'),
(52, 1, '2025-11-10', '13:00:00', 'Weekly', 'future', '2025-07-14 19:07:23'),
(53, 1, '2025-11-16', '13:00:00', 'Weekly', 'future', '2025-07-14 19:07:23'),
(54, 1, '2025-11-13', '13:00:00', 'Weekly', 'future', '2025-07-14 19:07:23'),
(55, 1, '2025-11-17', '13:00:00', 'Weekly', 'future', '2025-07-14 19:07:23'),
(56, 1, '2025-11-23', '13:00:00', 'Weekly', 'future', '2025-07-14 19:07:23'),
(57, 1, '2025-11-20', '13:00:00', 'Weekly', 'future', '2025-07-14 19:07:23'),
(58, 1, '2025-11-24', '13:00:00', 'Weekly', 'future', '2025-07-14 19:07:23'),
(59, 1, '2025-11-30', '13:00:00', 'Weekly', 'future', '2025-07-14 19:07:23'),
(60, 1, '2025-11-27', '13:00:00', 'Weekly', 'future', '2025-07-14 19:07:23'),
(61, 1, '2025-12-01', '13:00:00', 'Weekly', 'future', '2025-07-14 19:07:23'),
(62, 1, '2025-12-07', '13:00:00', 'Weekly', 'future', '2025-07-14 19:07:23'),
(63, 1, '2025-12-04', '13:00:00', 'Weekly', 'future', '2025-07-14 19:07:23'),
(64, 1, '2025-12-08', '13:00:00', 'Weekly', 'future', '2025-07-14 19:07:23'),
(65, 1, '2025-12-14', '13:00:00', 'Weekly', 'future', '2025-07-14 19:07:23'),
(66, 1, '2025-12-11', '13:00:00', 'Weekly', 'future', '2025-07-14 19:07:23'),
(67, 1, '2025-12-15', '13:00:00', 'Weekly', 'future', '2025-07-14 19:07:23'),
(68, 1, '2025-12-21', '13:00:00', 'Weekly', 'future', '2025-07-14 19:07:23'),
(69, 1, '2025-12-18', '13:00:00', 'Weekly', 'future', '2025-07-14 19:07:23'),
(70, 1, '2025-12-22', '13:00:00', 'Weekly', 'future', '2025-07-14 19:07:23'),
(71, 1, '2025-12-28', '13:00:00', 'Weekly', 'future', '2025-07-14 19:07:23'),
(72, 1, '2025-12-25', '13:00:00', 'Weekly', 'future', '2025-07-14 19:07:23'),
(73, 1, '2025-12-29', '13:00:00', 'Weekly', 'future', '2025-07-14 19:07:23'),
(74, 1, '2026-01-04', '13:00:00', 'Weekly', 'future', '2025-07-14 19:07:23'),
(75, 1, '2026-01-01', '13:00:00', 'Weekly', 'future', '2025-07-14 19:07:23'),
(76, 1, '2026-01-05', '13:00:00', 'Weekly', 'future', '2025-07-14 19:07:23'),
(77, 1, '2026-01-11', '13:00:00', 'Weekly', 'future', '2025-07-14 19:07:23'),
(78, 1, '2026-01-08', '13:00:00', 'Weekly', 'future', '2025-07-14 19:07:23'),
(79, 1, '2026-01-12', '13:00:00', 'Weekly', 'future', '2025-07-14 19:07:23'),
(80, 1, '2026-01-18', '13:00:00', 'Weekly', 'future', '2025-07-14 19:07:23'),
(81, 1, '2026-01-15', '13:00:00', 'Weekly', 'future', '2025-07-14 19:07:23'),
(82, 1, '2026-01-19', '13:00:00', 'Weekly', 'future', '2025-07-14 19:07:23'),
(83, 1, '2026-01-25', '13:00:00', 'Weekly', 'future', '2025-07-14 19:07:23'),
(84, 1, '2026-01-22', '13:00:00', 'Weekly', 'future', '2025-07-14 19:07:23'),
(85, 1, '2026-01-26', '13:00:00', 'Weekly', 'future', '2025-07-14 19:07:23'),
(86, 1, '2026-02-01', '13:00:00', 'Weekly', 'future', '2025-07-14 19:07:23'),
(87, 1, '2026-01-29', '13:00:00', 'Weekly', 'future', '2025-07-14 19:07:23'),
(88, 1, '2026-02-02', '13:00:00', 'Weekly', 'future', '2025-07-14 19:07:23'),
(89, 1, '2026-02-08', '13:00:00', 'Weekly', 'future', '2025-07-14 19:07:23'),
(90, 1, '2026-02-05', '13:00:00', 'Weekly', 'future', '2025-07-14 19:07:23'),
(91, 1, '2026-02-09', '13:00:00', 'Weekly', 'future', '2025-07-14 19:07:23'),
(92, 1, '2026-02-15', '13:00:00', 'Weekly', 'future', '2025-07-14 19:07:23'),
(93, 1, '2026-02-12', '13:00:00', 'Weekly', 'future', '2025-07-14 19:07:23'),
(94, 1, '2026-02-16', '13:00:00', 'Weekly', 'future', '2025-07-14 19:07:23'),
(95, 1, '2026-02-22', '13:00:00', 'Weekly', 'future', '2025-07-14 19:07:23'),
(96, 1, '2026-02-19', '13:00:00', 'Weekly', 'future', '2025-07-14 19:07:23'),
(97, 1, '2026-02-23', '13:00:00', 'Weekly', 'future', '2025-07-14 19:07:23'),
(98, 1, '2026-03-01', '13:00:00', 'Weekly', 'future', '2025-07-14 19:07:23'),
(99, 1, '2026-02-26', '13:00:00', 'Weekly', 'future', '2025-07-14 19:07:23'),
(100, 1, '2026-03-02', '13:00:00', 'Weekly', 'future', '2025-07-14 19:07:23'),
(101, 1, '2026-03-08', '13:00:00', 'Weekly', 'future', '2025-07-14 19:07:23'),
(102, 1, '2026-03-05', '13:00:00', 'Weekly', 'future', '2025-07-14 19:07:23'),
(103, 1, '2026-03-09', '13:00:00', 'Weekly', 'future', '2025-07-14 19:07:23'),
(104, 1, '2026-03-15', '13:00:00', 'Weekly', 'future', '2025-07-14 19:07:23'),
(105, 1, '2026-03-12', '13:00:00', 'Weekly', 'future', '2025-07-14 19:07:23'),
(106, 1, '2026-03-16', '13:00:00', 'Weekly', 'future', '2025-07-14 19:07:23'),
(107, 1, '2026-03-22', '13:00:00', 'Weekly', 'future', '2025-07-14 19:07:23'),
(108, 1, '2026-03-19', '13:00:00', 'Weekly', 'future', '2025-07-14 19:07:23'),
(109, 1, '2026-03-23', '13:00:00', 'Weekly', 'future', '2025-07-14 19:07:23'),
(110, 1, '2026-03-29', '13:00:00', 'Weekly', 'future', '2025-07-14 19:07:23'),
(111, 1, '2026-03-26', '13:00:00', 'Weekly', 'future', '2025-07-14 19:07:23'),
(112, 1, '2026-03-30', '13:00:00', 'Weekly', 'future', '2025-07-14 19:07:23'),
(113, 1, '2026-04-05', '13:00:00', 'Weekly', 'future', '2025-07-14 19:07:23'),
(114, 1, '2026-04-02', '13:00:00', 'Weekly', 'future', '2025-07-14 19:07:23'),
(115, 1, '2026-04-06', '13:00:00', 'Weekly', 'future', '2025-07-14 19:07:23'),
(116, 1, '2026-04-12', '13:00:00', 'Weekly', 'future', '2025-07-14 19:07:23'),
(117, 1, '2026-04-09', '13:00:00', 'Weekly', 'future', '2025-07-14 19:07:23'),
(118, 1, '2026-04-13', '13:00:00', 'Weekly', 'future', '2025-07-14 19:07:23'),
(119, 1, '2026-04-19', '13:00:00', 'Weekly', 'future', '2025-07-14 19:07:23'),
(120, 1, '2026-04-16', '13:00:00', 'Weekly', 'future', '2025-07-14 19:07:23'),
(121, 1, '2026-04-20', '13:00:00', 'Weekly', 'future', '2025-07-14 19:07:23'),
(122, 1, '2026-04-26', '13:00:00', 'Weekly', 'future', '2025-07-14 19:07:23'),
(123, 1, '2026-04-23', '13:00:00', 'Weekly', 'future', '2025-07-14 19:07:23'),
(124, 1, '2026-04-27', '13:00:00', 'Weekly', 'future', '2025-07-14 19:07:23'),
(125, 1, '2026-05-03', '13:00:00', 'Weekly', 'future', '2025-07-14 19:07:23'),
(126, 1, '2026-04-30', '13:00:00', 'Weekly', 'future', '2025-07-14 19:07:23'),
(127, 1, '2026-05-04', '13:00:00', 'Weekly', 'future', '2025-07-14 19:07:23'),
(128, 1, '2026-05-10', '13:00:00', 'Weekly', 'future', '2025-07-14 19:07:23'),
(129, 1, '2026-05-07', '13:00:00', 'Weekly', 'future', '2025-07-14 19:07:23'),
(130, 1, '2026-05-11', '13:00:00', 'Weekly', 'future', '2025-07-14 19:07:23'),
(131, 1, '2026-05-17', '13:00:00', 'Weekly', 'future', '2025-07-14 19:07:23'),
(132, 1, '2026-05-14', '13:00:00', 'Weekly', 'future', '2025-07-14 19:07:23'),
(133, 1, '2026-05-18', '13:00:00', 'Weekly', 'future', '2025-07-14 19:07:23'),
(134, 1, '2026-05-24', '13:00:00', 'Weekly', 'future', '2025-07-14 19:07:23'),
(135, 1, '2026-05-21', '13:00:00', 'Weekly', 'future', '2025-07-14 19:07:23'),
(136, 1, '2026-05-25', '13:00:00', 'Weekly', 'future', '2025-07-14 19:07:23'),
(137, 1, '2026-05-31', '13:00:00', 'Weekly', 'future', '2025-07-14 19:07:23'),
(138, 1, '2026-05-28', '13:00:00', 'Weekly', 'future', '2025-07-14 19:07:23'),
(139, 1, '2026-06-01', '13:00:00', 'Weekly', 'future', '2025-07-14 19:07:23'),
(140, 1, '2026-06-07', '13:00:00', 'Weekly', 'future', '2025-07-14 19:07:23'),
(141, 1, '2026-06-04', '13:00:00', 'Weekly', 'future', '2025-07-14 19:07:23'),
(142, 1, '2026-06-08', '13:00:00', 'Weekly', 'future', '2025-07-14 19:07:23'),
(143, 1, '2026-06-14', '13:00:00', 'Weekly', 'future', '2025-07-14 19:07:23'),
(144, 1, '2026-06-11', '13:00:00', 'Weekly', 'future', '2025-07-14 19:07:23'),
(145, 1, '2026-06-15', '13:00:00', 'Weekly', 'future', '2025-07-14 19:07:23'),
(146, 1, '2026-06-21', '13:00:00', 'Weekly', 'future', '2025-07-14 19:07:23'),
(147, 1, '2026-06-18', '13:00:00', 'Weekly', 'future', '2025-07-14 19:07:23'),
(148, 1, '2026-06-22', '13:00:00', 'Weekly', 'future', '2025-07-14 19:07:23'),
(149, 1, '2026-06-28', '13:00:00', 'Weekly', 'future', '2025-07-14 19:07:23'),
(150, 1, '2026-06-25', '13:00:00', 'Weekly', 'future', '2025-07-14 19:07:23'),
(151, 1, '2026-06-29', '13:00:00', 'Weekly', 'future', '2025-07-14 19:07:23'),
(152, 1, '2026-07-05', '13:00:00', 'Weekly', 'future', '2025-07-14 19:07:23'),
(153, 1, '2026-07-02', '13:00:00', 'Weekly', 'future', '2025-07-14 19:07:23'),
(154, 1, '2026-07-06', '13:00:00', 'Weekly', 'future', '2025-07-14 19:07:23'),
(155, 1, '2026-07-12', '13:00:00', 'Weekly', 'future', '2025-07-14 19:07:23'),
(156, 1, '2026-07-09', '13:00:00', 'Weekly', 'future', '2025-07-14 19:07:23'),
(157, 1, '2026-07-13', '13:00:00', 'Weekly', 'future', '2025-07-14 19:07:23'),
(158, 2, '2025-07-14', '14:30:00', 'Daily', 'future', '2025-07-14 19:25:13'),
(159, 2, '2025-07-15', '14:30:00', 'Daily', 'future', '2025-07-14 19:25:13'),
(160, 2, '2025-07-16', '14:30:00', 'Daily', 'future', '2025-07-14 19:25:13'),
(161, 2, '2025-07-17', '14:30:00', 'Daily', 'future', '2025-07-14 19:25:13'),
(162, 2, '2025-07-18', '14:30:00', 'Daily', 'future', '2025-07-14 19:25:13'),
(163, 2, '2025-07-19', '14:30:00', 'Daily', 'future', '2025-07-14 19:25:13'),
(164, 2, '2025-07-20', '14:30:00', 'Daily', 'future', '2025-07-14 19:25:13'),
(165, 2, '2025-07-21', '14:30:00', 'Daily', 'future', '2025-07-14 19:25:13'),
(166, 2, '2025-07-22', '14:30:00', 'Daily', 'future', '2025-07-14 19:25:13'),
(167, 2, '2025-07-23', '14:30:00', 'Daily', 'future', '2025-07-14 19:25:13'),
(168, 2, '2025-07-24', '14:30:00', 'Daily', 'future', '2025-07-14 19:25:13'),
(169, 2, '2025-07-25', '14:30:00', 'Daily', 'future', '2025-07-14 19:25:13'),
(170, 2, '2025-07-26', '14:30:00', 'Daily', 'future', '2025-07-14 19:25:13'),
(171, 2, '2025-07-27', '14:30:00', 'Daily', 'future', '2025-07-14 19:25:13'),
(172, 2, '2025-07-28', '14:30:00', 'Daily', 'future', '2025-07-14 19:25:13'),
(173, 2, '2025-07-29', '14:30:00', 'Daily', 'future', '2025-07-14 19:25:13'),
(174, 2, '2025-07-30', '14:30:00', 'Daily', 'future', '2025-07-14 19:25:13'),
(175, 2, '2025-07-31', '14:30:00', 'Daily', 'future', '2025-07-14 19:25:13'),
(176, 2, '2025-08-01', '14:30:00', 'Daily', 'future', '2025-07-14 19:25:13'),
(177, 2, '2025-08-02', '14:30:00', 'Daily', 'future', '2025-07-14 19:25:13'),
(178, 2, '2025-08-03', '14:30:00', 'Daily', 'future', '2025-07-14 19:25:13'),
(179, 2, '2025-08-04', '14:30:00', 'Daily', 'future', '2025-07-14 19:25:13'),
(180, 2, '2025-08-05', '14:30:00', 'Daily', 'future', '2025-07-14 19:25:13'),
(181, 2, '2025-08-06', '14:30:00', 'Daily', 'future', '2025-07-14 19:25:13'),
(182, 2, '2025-08-07', '14:30:00', 'Daily', 'future', '2025-07-14 19:25:13'),
(183, 2, '2025-08-08', '14:30:00', 'Daily', 'future', '2025-07-14 19:25:13'),
(184, 2, '2025-08-09', '14:30:00', 'Daily', 'future', '2025-07-14 19:25:13'),
(185, 2, '2025-08-10', '14:30:00', 'Daily', 'future', '2025-07-14 19:25:13'),
(186, 2, '2025-08-11', '14:30:00', 'Daily', 'future', '2025-07-14 19:25:13'),
(187, 2, '2025-08-12', '14:30:00', 'Daily', 'future', '2025-07-14 19:25:13'),
(188, 2, '2025-08-13', '14:30:00', 'Daily', 'future', '2025-07-14 19:25:13'),
(189, 2, '2025-08-14', '14:30:00', 'Daily', 'future', '2025-07-14 19:25:13'),
(190, 2, '2025-08-15', '14:30:00', 'Daily', 'future', '2025-07-14 19:25:13'),
(191, 2, '2025-08-16', '14:30:00', 'Daily', 'future', '2025-07-14 19:25:13'),
(192, 2, '2025-08-17', '14:30:00', 'Daily', 'future', '2025-07-14 19:25:13'),
(193, 2, '2025-08-18', '14:30:00', 'Daily', 'future', '2025-07-14 19:25:13'),
(194, 2, '2025-08-19', '14:30:00', 'Daily', 'future', '2025-07-14 19:25:13'),
(195, 2, '2025-08-20', '14:30:00', 'Daily', 'future', '2025-07-14 19:25:13'),
(196, 2, '2025-08-21', '14:30:00', 'Daily', 'future', '2025-07-14 19:25:13'),
(197, 2, '2025-08-22', '14:30:00', 'Daily', 'future', '2025-07-14 19:25:13'),
(198, 2, '2025-08-23', '14:30:00', 'Daily', 'future', '2025-07-14 19:25:13'),
(199, 2, '2025-08-24', '14:30:00', 'Daily', 'future', '2025-07-14 19:25:13'),
(200, 2, '2025-08-25', '14:30:00', 'Daily', 'future', '2025-07-14 19:25:13'),
(201, 2, '2025-08-26', '14:30:00', 'Daily', 'future', '2025-07-14 19:25:13'),
(202, 2, '2025-08-27', '14:30:00', 'Daily', 'future', '2025-07-14 19:25:13'),
(203, 2, '2025-08-28', '14:30:00', 'Daily', 'future', '2025-07-14 19:25:13'),
(204, 2, '2025-08-29', '14:30:00', 'Daily', 'future', '2025-07-14 19:25:13'),
(205, 2, '2025-08-30', '14:30:00', 'Daily', 'future', '2025-07-14 19:25:13'),
(206, 2, '2025-08-31', '14:30:00', 'Daily', 'future', '2025-07-14 19:25:13'),
(207, 2, '2025-09-01', '14:30:00', 'Daily', 'future', '2025-07-14 19:25:13'),
(208, 2, '2025-09-02', '14:30:00', 'Daily', 'future', '2025-07-14 19:25:13'),
(209, 2, '2025-09-03', '14:30:00', 'Daily', 'future', '2025-07-14 19:25:13'),
(210, 2, '2025-09-04', '14:30:00', 'Daily', 'future', '2025-07-14 19:25:13'),
(211, 2, '2025-09-05', '14:30:00', 'Daily', 'future', '2025-07-14 19:25:13'),
(212, 2, '2025-09-06', '14:30:00', 'Daily', 'future', '2025-07-14 19:25:13'),
(213, 2, '2025-09-07', '14:30:00', 'Daily', 'future', '2025-07-14 19:25:13'),
(214, 2, '2025-09-08', '14:30:00', 'Daily', 'future', '2025-07-14 19:25:13'),
(215, 2, '2025-09-09', '14:30:00', 'Daily', 'future', '2025-07-14 19:25:13'),
(216, 2, '2025-09-10', '14:30:00', 'Daily', 'future', '2025-07-14 19:25:13'),
(217, 2, '2025-09-11', '14:30:00', 'Daily', 'future', '2025-07-14 19:25:13'),
(218, 2, '2025-09-12', '14:30:00', 'Daily', 'future', '2025-07-14 19:25:13'),
(219, 2, '2025-09-13', '14:30:00', 'Daily', 'future', '2025-07-14 19:25:13'),
(220, 2, '2025-09-14', '14:30:00', 'Daily', 'future', '2025-07-14 19:25:13'),
(221, 2, '2025-09-15', '14:30:00', 'Daily', 'future', '2025-07-14 19:25:13'),
(222, 2, '2025-09-16', '14:30:00', 'Daily', 'future', '2025-07-14 19:25:13'),
(223, 2, '2025-09-17', '14:30:00', 'Daily', 'future', '2025-07-14 19:25:13'),
(224, 2, '2025-09-18', '14:30:00', 'Daily', 'future', '2025-07-14 19:25:13'),
(225, 2, '2025-09-19', '14:30:00', 'Daily', 'future', '2025-07-14 19:25:13'),
(226, 2, '2025-09-20', '14:30:00', 'Daily', 'future', '2025-07-14 19:25:13'),
(227, 2, '2025-09-21', '14:30:00', 'Daily', 'future', '2025-07-14 19:25:13'),
(228, 2, '2025-09-22', '14:30:00', 'Daily', 'future', '2025-07-14 19:25:13'),
(229, 2, '2025-09-23', '14:30:00', 'Daily', 'future', '2025-07-14 19:25:13'),
(230, 2, '2025-09-24', '14:30:00', 'Daily', 'future', '2025-07-14 19:25:13'),
(231, 2, '2025-09-25', '14:30:00', 'Daily', 'future', '2025-07-14 19:25:13'),
(232, 2, '2025-09-26', '14:30:00', 'Daily', 'future', '2025-07-14 19:25:13'),
(233, 2, '2025-09-27', '14:30:00', 'Daily', 'future', '2025-07-14 19:25:13'),
(234, 2, '2025-09-28', '14:30:00', 'Daily', 'future', '2025-07-14 19:25:13'),
(235, 2, '2025-09-29', '14:30:00', 'Daily', 'future', '2025-07-14 19:25:13'),
(236, 2, '2025-09-30', '14:30:00', 'Daily', 'future', '2025-07-14 19:25:13'),
(237, 2, '2025-10-01', '14:30:00', 'Daily', 'future', '2025-07-14 19:25:13'),
(238, 2, '2025-10-02', '14:30:00', 'Daily', 'future', '2025-07-14 19:25:13'),
(239, 2, '2025-10-03', '14:30:00', 'Daily', 'future', '2025-07-14 19:25:13'),
(240, 2, '2025-10-04', '14:30:00', 'Daily', 'future', '2025-07-14 19:25:13'),
(241, 2, '2025-10-05', '14:30:00', 'Daily', 'future', '2025-07-14 19:25:13'),
(242, 2, '2025-10-06', '14:30:00', 'Daily', 'future', '2025-07-14 19:25:13'),
(243, 2, '2025-10-07', '14:30:00', 'Daily', 'future', '2025-07-14 19:25:13'),
(244, 2, '2025-10-08', '14:30:00', 'Daily', 'future', '2025-07-14 19:25:13'),
(245, 2, '2025-10-09', '14:30:00', 'Daily', 'future', '2025-07-14 19:25:13'),
(246, 2, '2025-10-10', '14:30:00', 'Daily', 'future', '2025-07-14 19:25:13'),
(247, 2, '2025-10-11', '14:30:00', 'Daily', 'future', '2025-07-14 19:25:13'),
(248, 2, '2025-10-12', '14:30:00', 'Daily', 'future', '2025-07-14 19:25:13'),
(249, 2, '2025-10-13', '14:30:00', 'Daily', 'future', '2025-07-14 19:25:13'),
(250, 2, '2025-10-14', '14:30:00', 'Daily', 'future', '2025-07-14 19:25:13'),
(251, 2, '2025-10-15', '14:30:00', 'Daily', 'future', '2025-07-14 19:25:13'),
(252, 2, '2025-10-16', '14:30:00', 'Daily', 'future', '2025-07-14 19:25:13'),
(253, 2, '2025-10-17', '14:30:00', 'Daily', 'future', '2025-07-14 19:25:13'),
(254, 2, '2025-10-18', '14:30:00', 'Daily', 'future', '2025-07-14 19:25:13'),
(255, 2, '2025-10-19', '14:30:00', 'Daily', 'future', '2025-07-14 19:25:13'),
(256, 2, '2025-10-20', '14:30:00', 'Daily', 'future', '2025-07-14 19:25:13'),
(257, 2, '2025-10-21', '14:30:00', 'Daily', 'future', '2025-07-14 19:25:13'),
(258, 2, '2025-10-22', '14:30:00', 'Daily', 'future', '2025-07-14 19:25:13'),
(259, 2, '2025-10-23', '14:30:00', 'Daily', 'future', '2025-07-14 19:25:13'),
(260, 2, '2025-10-24', '14:30:00', 'Daily', 'future', '2025-07-14 19:25:13'),
(261, 2, '2025-10-25', '14:30:00', 'Daily', 'future', '2025-07-14 19:25:13'),
(262, 2, '2025-10-26', '14:30:00', 'Daily', 'future', '2025-07-14 19:25:13'),
(263, 2, '2025-10-27', '14:30:00', 'Daily', 'future', '2025-07-14 19:25:13'),
(264, 2, '2025-10-28', '14:30:00', 'Daily', 'future', '2025-07-14 19:25:13'),
(265, 2, '2025-10-29', '14:30:00', 'Daily', 'future', '2025-07-14 19:25:13'),
(266, 2, '2025-10-30', '14:30:00', 'Daily', 'future', '2025-07-14 19:25:13'),
(267, 2, '2025-10-31', '14:30:00', 'Daily', 'future', '2025-07-14 19:25:13'),
(268, 2, '2025-11-01', '14:30:00', 'Daily', 'future', '2025-07-14 19:25:13'),
(269, 2, '2025-11-02', '14:30:00', 'Daily', 'future', '2025-07-14 19:25:13'),
(270, 2, '2025-11-03', '14:30:00', 'Daily', 'future', '2025-07-14 19:25:13'),
(271, 2, '2025-11-04', '14:30:00', 'Daily', 'future', '2025-07-14 19:25:13'),
(272, 2, '2025-11-05', '14:30:00', 'Daily', 'future', '2025-07-14 19:25:13'),
(273, 2, '2025-11-06', '14:30:00', 'Daily', 'future', '2025-07-14 19:25:13'),
(274, 2, '2025-11-07', '14:30:00', 'Daily', 'future', '2025-07-14 19:25:13'),
(275, 2, '2025-11-08', '14:30:00', 'Daily', 'future', '2025-07-14 19:25:13'),
(276, 2, '2025-11-09', '14:30:00', 'Daily', 'future', '2025-07-14 19:25:13'),
(277, 2, '2025-11-10', '14:30:00', 'Daily', 'future', '2025-07-14 19:25:13'),
(278, 2, '2025-11-11', '14:30:00', 'Daily', 'future', '2025-07-14 19:25:13'),
(279, 2, '2025-11-12', '14:30:00', 'Daily', 'future', '2025-07-14 19:25:13'),
(280, 2, '2025-11-13', '14:30:00', 'Daily', 'future', '2025-07-14 19:25:13'),
(281, 2, '2025-11-14', '14:30:00', 'Daily', 'future', '2025-07-14 19:25:13'),
(282, 2, '2025-11-15', '14:30:00', 'Daily', 'future', '2025-07-14 19:25:13'),
(283, 2, '2025-11-16', '14:30:00', 'Daily', 'future', '2025-07-14 19:25:13'),
(284, 2, '2025-11-17', '14:30:00', 'Daily', 'future', '2025-07-14 19:25:13'),
(285, 2, '2025-11-18', '14:30:00', 'Daily', 'future', '2025-07-14 19:25:13'),
(286, 2, '2025-11-19', '14:30:00', 'Daily', 'future', '2025-07-14 19:25:13'),
(287, 2, '2025-11-20', '14:30:00', 'Daily', 'future', '2025-07-14 19:25:13'),
(288, 2, '2025-11-21', '14:30:00', 'Daily', 'future', '2025-07-14 19:25:13'),
(289, 2, '2025-11-22', '14:30:00', 'Daily', 'future', '2025-07-14 19:25:13'),
(290, 2, '2025-11-23', '14:30:00', 'Daily', 'future', '2025-07-14 19:25:13'),
(291, 2, '2025-11-24', '14:30:00', 'Daily', 'future', '2025-07-14 19:25:13'),
(292, 2, '2025-11-25', '14:30:00', 'Daily', 'future', '2025-07-14 19:25:13'),
(293, 2, '2025-11-26', '14:30:00', 'Daily', 'future', '2025-07-14 19:25:13'),
(294, 2, '2025-11-27', '14:30:00', 'Daily', 'future', '2025-07-14 19:25:13'),
(295, 2, '2025-11-28', '14:30:00', 'Daily', 'future', '2025-07-14 19:25:13'),
(296, 2, '2025-11-29', '14:30:00', 'Daily', 'future', '2025-07-14 19:25:13'),
(297, 2, '2025-11-30', '14:30:00', 'Daily', 'future', '2025-07-14 19:25:13'),
(298, 2, '2025-12-01', '14:30:00', 'Daily', 'future', '2025-07-14 19:25:13'),
(299, 2, '2025-12-02', '14:30:00', 'Daily', 'future', '2025-07-14 19:25:13'),
(300, 2, '2025-12-03', '14:30:00', 'Daily', 'future', '2025-07-14 19:25:13'),
(301, 2, '2025-12-04', '14:30:00', 'Daily', 'future', '2025-07-14 19:25:13'),
(302, 2, '2025-12-05', '14:30:00', 'Daily', 'future', '2025-07-14 19:25:13'),
(303, 2, '2025-12-06', '14:30:00', 'Daily', 'future', '2025-07-14 19:25:13'),
(304, 2, '2025-12-07', '14:30:00', 'Daily', 'future', '2025-07-14 19:25:13'),
(305, 2, '2025-12-08', '14:30:00', 'Daily', 'future', '2025-07-14 19:25:13'),
(306, 2, '2025-12-09', '14:30:00', 'Daily', 'future', '2025-07-14 19:25:13'),
(307, 2, '2025-12-10', '14:30:00', 'Daily', 'future', '2025-07-14 19:25:13'),
(308, 2, '2025-12-11', '14:30:00', 'Daily', 'future', '2025-07-14 19:25:13'),
(309, 2, '2025-12-12', '14:30:00', 'Daily', 'future', '2025-07-14 19:25:13'),
(310, 2, '2025-12-13', '14:30:00', 'Daily', 'future', '2025-07-14 19:25:13'),
(311, 2, '2025-12-14', '14:30:00', 'Daily', 'future', '2025-07-14 19:25:13'),
(312, 2, '2025-12-15', '14:30:00', 'Daily', 'future', '2025-07-14 19:25:13'),
(313, 2, '2025-12-16', '14:30:00', 'Daily', 'future', '2025-07-14 19:25:13'),
(314, 2, '2025-12-17', '14:30:00', 'Daily', 'future', '2025-07-14 19:25:13'),
(315, 2, '2025-12-18', '14:30:00', 'Daily', 'future', '2025-07-14 19:25:13'),
(316, 2, '2025-12-19', '14:30:00', 'Daily', 'future', '2025-07-14 19:25:13'),
(317, 2, '2025-12-20', '14:30:00', 'Daily', 'future', '2025-07-14 19:25:13'),
(318, 2, '2025-12-21', '14:30:00', 'Daily', 'future', '2025-07-14 19:25:13'),
(319, 2, '2025-12-22', '14:30:00', 'Daily', 'future', '2025-07-14 19:25:13'),
(320, 2, '2025-12-23', '14:30:00', 'Daily', 'future', '2025-07-14 19:25:13'),
(321, 2, '2025-12-24', '14:30:00', 'Daily', 'future', '2025-07-14 19:25:13'),
(322, 2, '2025-12-25', '14:30:00', 'Daily', 'future', '2025-07-14 19:25:13'),
(323, 2, '2025-12-26', '14:30:00', 'Daily', 'future', '2025-07-14 19:25:13'),
(324, 2, '2025-12-27', '14:30:00', 'Daily', 'future', '2025-07-14 19:25:13'),
(325, 2, '2025-12-28', '14:30:00', 'Daily', 'future', '2025-07-14 19:25:13'),
(326, 2, '2025-12-29', '14:30:00', 'Daily', 'future', '2025-07-14 19:25:13'),
(327, 2, '2025-12-30', '14:30:00', 'Daily', 'future', '2025-07-14 19:25:13'),
(328, 2, '2025-12-31', '14:30:00', 'Daily', 'future', '2025-07-14 19:25:13'),
(329, 2, '2026-01-01', '14:30:00', 'Daily', 'future', '2025-07-14 19:25:13'),
(330, 2, '2026-01-02', '14:30:00', 'Daily', 'future', '2025-07-14 19:25:13'),
(331, 2, '2026-01-03', '14:30:00', 'Daily', 'future', '2025-07-14 19:25:13'),
(332, 2, '2026-01-04', '14:30:00', 'Daily', 'future', '2025-07-14 19:25:13'),
(333, 2, '2026-01-05', '14:30:00', 'Daily', 'future', '2025-07-14 19:25:13'),
(334, 2, '2026-01-06', '14:30:00', 'Daily', 'future', '2025-07-14 19:25:13'),
(335, 2, '2026-01-07', '14:30:00', 'Daily', 'future', '2025-07-14 19:25:13'),
(336, 2, '2026-01-08', '14:30:00', 'Daily', 'future', '2025-07-14 19:25:13'),
(337, 2, '2026-01-09', '14:30:00', 'Daily', 'future', '2025-07-14 19:25:13'),
(338, 2, '2026-01-10', '14:30:00', 'Daily', 'future', '2025-07-14 19:25:13'),
(339, 2, '2026-01-11', '14:30:00', 'Daily', 'future', '2025-07-14 19:25:13'),
(340, 2, '2026-01-12', '14:30:00', 'Daily', 'future', '2025-07-14 19:25:13'),
(341, 2, '2026-01-13', '14:30:00', 'Daily', 'future', '2025-07-14 19:25:13'),
(342, 2, '2026-01-14', '14:30:00', 'Daily', 'future', '2025-07-14 19:25:13'),
(343, 2, '2026-01-15', '14:30:00', 'Daily', 'future', '2025-07-14 19:25:13'),
(344, 2, '2026-01-16', '14:30:00', 'Daily', 'future', '2025-07-14 19:25:13'),
(345, 2, '2026-01-17', '14:30:00', 'Daily', 'future', '2025-07-14 19:25:13'),
(346, 2, '2026-01-18', '14:30:00', 'Daily', 'future', '2025-07-14 19:25:13'),
(347, 2, '2026-01-19', '14:30:00', 'Daily', 'future', '2025-07-14 19:25:13'),
(348, 2, '2026-01-20', '14:30:00', 'Daily', 'future', '2025-07-14 19:25:13'),
(349, 2, '2026-01-21', '14:30:00', 'Daily', 'future', '2025-07-14 19:25:13'),
(350, 2, '2026-01-22', '14:30:00', 'Daily', 'future', '2025-07-14 19:25:13'),
(351, 2, '2026-01-23', '14:30:00', 'Daily', 'future', '2025-07-14 19:25:13'),
(352, 2, '2026-01-24', '14:30:00', 'Daily', 'future', '2025-07-14 19:25:13'),
(353, 2, '2026-01-25', '14:30:00', 'Daily', 'future', '2025-07-14 19:25:13'),
(354, 2, '2026-01-26', '14:30:00', 'Daily', 'future', '2025-07-14 19:25:13'),
(355, 2, '2026-01-27', '14:30:00', 'Daily', 'future', '2025-07-14 19:25:13'),
(356, 2, '2026-01-28', '14:30:00', 'Daily', 'future', '2025-07-14 19:25:13'),
(357, 2, '2026-01-29', '14:30:00', 'Daily', 'future', '2025-07-14 19:25:13'),
(358, 2, '2026-01-30', '14:30:00', 'Daily', 'future', '2025-07-14 19:25:13'),
(359, 2, '2026-01-31', '14:30:00', 'Daily', 'future', '2025-07-14 19:25:13'),
(360, 2, '2026-02-01', '14:30:00', 'Daily', 'future', '2025-07-14 19:25:13'),
(361, 2, '2026-02-02', '14:30:00', 'Daily', 'future', '2025-07-14 19:25:13'),
(362, 2, '2026-02-03', '14:30:00', 'Daily', 'future', '2025-07-14 19:25:13'),
(363, 2, '2026-02-04', '14:30:00', 'Daily', 'future', '2025-07-14 19:25:13'),
(364, 2, '2026-02-05', '14:30:00', 'Daily', 'future', '2025-07-14 19:25:13'),
(365, 2, '2026-02-06', '14:30:00', 'Daily', 'future', '2025-07-14 19:25:13'),
(366, 2, '2026-02-07', '14:30:00', 'Daily', 'future', '2025-07-14 19:25:13'),
(367, 2, '2026-02-08', '14:30:00', 'Daily', 'future', '2025-07-14 19:25:13'),
(368, 2, '2026-02-09', '14:30:00', 'Daily', 'future', '2025-07-14 19:25:13'),
(369, 2, '2026-02-10', '14:30:00', 'Daily', 'future', '2025-07-14 19:25:13'),
(370, 2, '2026-02-11', '14:30:00', 'Daily', 'future', '2025-07-14 19:25:13'),
(371, 2, '2026-02-12', '14:30:00', 'Daily', 'future', '2025-07-14 19:25:13'),
(372, 2, '2026-02-13', '14:30:00', 'Daily', 'future', '2025-07-14 19:25:13'),
(373, 2, '2026-02-14', '14:30:00', 'Daily', 'future', '2025-07-14 19:25:13'),
(374, 2, '2026-02-15', '14:30:00', 'Daily', 'future', '2025-07-14 19:25:13'),
(375, 2, '2026-02-16', '14:30:00', 'Daily', 'future', '2025-07-14 19:25:13'),
(376, 2, '2026-02-17', '14:30:00', 'Daily', 'future', '2025-07-14 19:25:13'),
(377, 2, '2026-02-18', '14:30:00', 'Daily', 'future', '2025-07-14 19:25:13'),
(378, 2, '2026-02-19', '14:30:00', 'Daily', 'future', '2025-07-14 19:25:13'),
(379, 2, '2026-02-20', '14:30:00', 'Daily', 'future', '2025-07-14 19:25:13'),
(380, 2, '2026-02-21', '14:30:00', 'Daily', 'future', '2025-07-14 19:25:13'),
(381, 2, '2026-02-22', '14:30:00', 'Daily', 'future', '2025-07-14 19:25:13'),
(382, 2, '2026-02-23', '14:30:00', 'Daily', 'future', '2025-07-14 19:25:13'),
(383, 2, '2026-02-24', '14:30:00', 'Daily', 'future', '2025-07-14 19:25:13'),
(384, 2, '2026-02-25', '14:30:00', 'Daily', 'future', '2025-07-14 19:25:13'),
(385, 2, '2026-02-26', '14:30:00', 'Daily', 'future', '2025-07-14 19:25:13'),
(386, 2, '2026-02-27', '14:30:00', 'Daily', 'future', '2025-07-14 19:25:13'),
(387, 2, '2026-02-28', '14:30:00', 'Daily', 'future', '2025-07-14 19:25:13'),
(388, 2, '2026-03-01', '14:30:00', 'Daily', 'future', '2025-07-14 19:25:13'),
(389, 2, '2026-03-02', '14:30:00', 'Daily', 'future', '2025-07-14 19:25:13'),
(390, 2, '2026-03-03', '14:30:00', 'Daily', 'future', '2025-07-14 19:25:13'),
(391, 2, '2026-03-04', '14:30:00', 'Daily', 'future', '2025-07-14 19:25:13'),
(392, 2, '2026-03-05', '14:30:00', 'Daily', 'future', '2025-07-14 19:25:13'),
(393, 2, '2026-03-06', '14:30:00', 'Daily', 'future', '2025-07-14 19:25:13'),
(394, 2, '2026-03-07', '14:30:00', 'Daily', 'future', '2025-07-14 19:25:13'),
(395, 2, '2026-03-08', '14:30:00', 'Daily', 'future', '2025-07-14 19:25:13'),
(396, 2, '2026-03-09', '14:30:00', 'Daily', 'future', '2025-07-14 19:25:13'),
(397, 2, '2026-03-10', '14:30:00', 'Daily', 'future', '2025-07-14 19:25:13'),
(398, 2, '2026-03-11', '14:30:00', 'Daily', 'future', '2025-07-14 19:25:13'),
(399, 2, '2026-03-12', '14:30:00', 'Daily', 'future', '2025-07-14 19:25:13'),
(400, 2, '2026-03-13', '14:30:00', 'Daily', 'future', '2025-07-14 19:25:13'),
(401, 2, '2026-03-14', '14:30:00', 'Daily', 'future', '2025-07-14 19:25:13'),
(402, 2, '2026-03-15', '14:30:00', 'Daily', 'future', '2025-07-14 19:25:13'),
(403, 2, '2026-03-16', '14:30:00', 'Daily', 'future', '2025-07-14 19:25:13'),
(404, 2, '2026-03-17', '14:30:00', 'Daily', 'future', '2025-07-14 19:25:13'),
(405, 2, '2026-03-18', '14:30:00', 'Daily', 'future', '2025-07-14 19:25:13'),
(406, 2, '2026-03-19', '14:30:00', 'Daily', 'future', '2025-07-14 19:25:13'),
(407, 2, '2026-03-20', '14:30:00', 'Daily', 'future', '2025-07-14 19:25:13'),
(408, 2, '2026-03-21', '14:30:00', 'Daily', 'future', '2025-07-14 19:25:13'),
(409, 2, '2026-03-22', '14:30:00', 'Daily', 'future', '2025-07-14 19:25:13'),
(410, 2, '2026-03-23', '14:30:00', 'Daily', 'future', '2025-07-14 19:25:13'),
(411, 2, '2026-03-24', '14:30:00', 'Daily', 'future', '2025-07-14 19:25:13'),
(412, 2, '2026-03-25', '14:30:00', 'Daily', 'future', '2025-07-14 19:25:13'),
(413, 2, '2026-03-26', '14:30:00', 'Daily', 'future', '2025-07-14 19:25:13'),
(414, 2, '2026-03-27', '14:30:00', 'Daily', 'future', '2025-07-14 19:25:13'),
(415, 2, '2026-03-28', '14:30:00', 'Daily', 'future', '2025-07-14 19:25:13'),
(416, 2, '2026-03-29', '14:30:00', 'Daily', 'future', '2025-07-14 19:25:13'),
(417, 2, '2026-03-30', '14:30:00', 'Daily', 'future', '2025-07-14 19:25:13'),
(418, 2, '2026-03-31', '14:30:00', 'Daily', 'future', '2025-07-14 19:25:13'),
(419, 2, '2026-04-01', '14:30:00', 'Daily', 'future', '2025-07-14 19:25:13'),
(420, 2, '2026-04-02', '14:30:00', 'Daily', 'future', '2025-07-14 19:25:13'),
(421, 2, '2026-04-03', '14:30:00', 'Daily', 'future', '2025-07-14 19:25:13'),
(422, 2, '2026-04-04', '14:30:00', 'Daily', 'future', '2025-07-14 19:25:13'),
(423, 2, '2026-04-05', '14:30:00', 'Daily', 'future', '2025-07-14 19:25:13'),
(424, 2, '2026-04-06', '14:30:00', 'Daily', 'future', '2025-07-14 19:25:13'),
(425, 2, '2026-04-07', '14:30:00', 'Daily', 'future', '2025-07-14 19:25:13'),
(426, 2, '2026-04-08', '14:30:00', 'Daily', 'future', '2025-07-14 19:25:13'),
(427, 2, '2026-04-09', '14:30:00', 'Daily', 'future', '2025-07-14 19:25:13'),
(428, 2, '2026-04-10', '14:30:00', 'Daily', 'future', '2025-07-14 19:25:13'),
(429, 2, '2026-04-11', '14:30:00', 'Daily', 'future', '2025-07-14 19:25:13'),
(430, 2, '2026-04-12', '14:30:00', 'Daily', 'future', '2025-07-14 19:25:13'),
(431, 2, '2026-04-13', '14:30:00', 'Daily', 'future', '2025-07-14 19:25:13'),
(432, 2, '2026-04-14', '14:30:00', 'Daily', 'future', '2025-07-14 19:25:13'),
(433, 2, '2026-04-15', '14:30:00', 'Daily', 'future', '2025-07-14 19:25:13'),
(434, 2, '2026-04-16', '14:30:00', 'Daily', 'future', '2025-07-14 19:25:13'),
(435, 2, '2026-04-17', '14:30:00', 'Daily', 'future', '2025-07-14 19:25:13'),
(436, 2, '2026-04-18', '14:30:00', 'Daily', 'future', '2025-07-14 19:25:13'),
(437, 2, '2026-04-19', '14:30:00', 'Daily', 'future', '2025-07-14 19:25:13'),
(438, 2, '2026-04-20', '14:30:00', 'Daily', 'future', '2025-07-14 19:25:13'),
(439, 2, '2026-04-21', '14:30:00', 'Daily', 'future', '2025-07-14 19:25:13'),
(440, 2, '2026-04-22', '14:30:00', 'Daily', 'future', '2025-07-14 19:25:13'),
(441, 2, '2026-04-23', '14:30:00', 'Daily', 'future', '2025-07-14 19:25:13'),
(442, 2, '2026-04-24', '14:30:00', 'Daily', 'future', '2025-07-14 19:25:13'),
(443, 2, '2026-04-25', '14:30:00', 'Daily', 'future', '2025-07-14 19:25:13'),
(444, 2, '2026-04-26', '14:30:00', 'Daily', 'future', '2025-07-14 19:25:13'),
(445, 2, '2026-04-27', '14:30:00', 'Daily', 'future', '2025-07-14 19:25:13'),
(446, 2, '2026-04-28', '14:30:00', 'Daily', 'future', '2025-07-14 19:25:13'),
(447, 2, '2026-04-29', '14:30:00', 'Daily', 'future', '2025-07-14 19:25:13'),
(448, 2, '2026-04-30', '14:30:00', 'Daily', 'future', '2025-07-14 19:25:13'),
(449, 2, '2026-05-01', '14:30:00', 'Daily', 'future', '2025-07-14 19:25:13'),
(450, 2, '2026-05-02', '14:30:00', 'Daily', 'future', '2025-07-14 19:25:13'),
(451, 2, '2026-05-03', '14:30:00', 'Daily', 'future', '2025-07-14 19:25:13'),
(452, 2, '2026-05-04', '14:30:00', 'Daily', 'future', '2025-07-14 19:25:13'),
(453, 2, '2026-05-05', '14:30:00', 'Daily', 'future', '2025-07-14 19:25:13'),
(454, 2, '2026-05-06', '14:30:00', 'Daily', 'future', '2025-07-14 19:25:13'),
(455, 2, '2026-05-07', '14:30:00', 'Daily', 'future', '2025-07-14 19:25:13'),
(456, 2, '2026-05-08', '14:30:00', 'Daily', 'future', '2025-07-14 19:25:13'),
(457, 2, '2026-05-09', '14:30:00', 'Daily', 'future', '2025-07-14 19:25:13'),
(458, 2, '2026-05-10', '14:30:00', 'Daily', 'future', '2025-07-14 19:25:13'),
(459, 2, '2026-05-11', '14:30:00', 'Daily', 'future', '2025-07-14 19:25:13'),
(460, 2, '2026-05-12', '14:30:00', 'Daily', 'future', '2025-07-14 19:25:13'),
(461, 2, '2026-05-13', '14:30:00', 'Daily', 'future', '2025-07-14 19:25:13'),
(462, 2, '2026-05-14', '14:30:00', 'Daily', 'future', '2025-07-14 19:25:13'),
(463, 2, '2026-05-15', '14:30:00', 'Daily', 'future', '2025-07-14 19:25:13'),
(464, 2, '2026-05-16', '14:30:00', 'Daily', 'future', '2025-07-14 19:25:13'),
(465, 2, '2026-05-17', '14:30:00', 'Daily', 'future', '2025-07-14 19:25:13'),
(466, 2, '2026-05-18', '14:30:00', 'Daily', 'future', '2025-07-14 19:25:13'),
(467, 2, '2026-05-19', '14:30:00', 'Daily', 'future', '2025-07-14 19:25:13'),
(468, 2, '2026-05-20', '14:30:00', 'Daily', 'future', '2025-07-14 19:25:13'),
(469, 2, '2026-05-21', '14:30:00', 'Daily', 'future', '2025-07-14 19:25:13'),
(470, 2, '2026-05-22', '14:30:00', 'Daily', 'future', '2025-07-14 19:25:13'),
(471, 2, '2026-05-23', '14:30:00', 'Daily', 'future', '2025-07-14 19:25:13'),
(472, 2, '2026-05-24', '14:30:00', 'Daily', 'future', '2025-07-14 19:25:13'),
(473, 2, '2026-05-25', '14:30:00', 'Daily', 'future', '2025-07-14 19:25:13'),
(474, 2, '2026-05-26', '14:30:00', 'Daily', 'future', '2025-07-14 19:25:13'),
(475, 2, '2026-05-27', '14:30:00', 'Daily', 'future', '2025-07-14 19:25:13'),
(476, 2, '2026-05-28', '14:30:00', 'Daily', 'future', '2025-07-14 19:25:13'),
(477, 2, '2026-05-29', '14:30:00', 'Daily', 'future', '2025-07-14 19:25:13'),
(478, 2, '2026-05-30', '14:30:00', 'Daily', 'future', '2025-07-14 19:25:13'),
(479, 2, '2026-05-31', '14:30:00', 'Daily', 'future', '2025-07-14 19:25:13'),
(480, 2, '2026-06-01', '14:30:00', 'Daily', 'future', '2025-07-14 19:25:13'),
(481, 2, '2026-06-02', '14:30:00', 'Daily', 'future', '2025-07-14 19:25:13'),
(482, 2, '2026-06-03', '14:30:00', 'Daily', 'future', '2025-07-14 19:25:13'),
(483, 2, '2026-06-04', '14:30:00', 'Daily', 'future', '2025-07-14 19:25:13'),
(484, 2, '2026-06-05', '14:30:00', 'Daily', 'future', '2025-07-14 19:25:13'),
(485, 2, '2026-06-06', '14:30:00', 'Daily', 'future', '2025-07-14 19:25:13'),
(486, 2, '2026-06-07', '14:30:00', 'Daily', 'future', '2025-07-14 19:25:13'),
(487, 2, '2026-06-08', '14:30:00', 'Daily', 'future', '2025-07-14 19:25:13'),
(488, 2, '2026-06-09', '14:30:00', 'Daily', 'future', '2025-07-14 19:25:13'),
(489, 2, '2026-06-10', '14:30:00', 'Daily', 'future', '2025-07-14 19:25:13'),
(490, 2, '2026-06-11', '14:30:00', 'Daily', 'future', '2025-07-14 19:25:13'),
(491, 2, '2026-06-12', '14:30:00', 'Daily', 'future', '2025-07-14 19:25:13'),
(492, 2, '2026-06-13', '14:30:00', 'Daily', 'future', '2025-07-14 19:25:13'),
(493, 2, '2026-06-14', '14:30:00', 'Daily', 'future', '2025-07-14 19:25:13'),
(494, 2, '2026-06-15', '14:30:00', 'Daily', 'future', '2025-07-14 19:25:13'),
(495, 2, '2026-06-16', '14:30:00', 'Daily', 'future', '2025-07-14 19:25:13'),
(496, 2, '2026-06-17', '14:30:00', 'Daily', 'future', '2025-07-14 19:25:13'),
(497, 2, '2026-06-18', '14:30:00', 'Daily', 'future', '2025-07-14 19:25:13'),
(498, 2, '2026-06-19', '14:30:00', 'Daily', 'future', '2025-07-14 19:25:13'),
(499, 2, '2026-06-20', '14:30:00', 'Daily', 'future', '2025-07-14 19:25:13'),
(500, 2, '2026-06-21', '14:30:00', 'Daily', 'future', '2025-07-14 19:25:13'),
(501, 2, '2026-06-22', '14:30:00', 'Daily', 'future', '2025-07-14 19:25:13'),
(502, 2, '2026-06-23', '14:30:00', 'Daily', 'future', '2025-07-14 19:25:13'),
(503, 2, '2026-06-24', '14:30:00', 'Daily', 'future', '2025-07-14 19:25:13'),
(504, 2, '2026-06-25', '14:30:00', 'Daily', 'future', '2025-07-14 19:25:13'),
(505, 2, '2026-06-26', '14:30:00', 'Daily', 'future', '2025-07-14 19:25:13'),
(506, 2, '2026-06-27', '14:30:00', 'Daily', 'future', '2025-07-14 19:25:13'),
(507, 2, '2026-06-28', '14:30:00', 'Daily', 'future', '2025-07-14 19:25:13'),
(508, 2, '2026-06-29', '14:30:00', 'Daily', 'future', '2025-07-14 19:25:13'),
(509, 2, '2026-06-30', '14:30:00', 'Daily', 'future', '2025-07-14 19:25:13'),
(510, 2, '2026-07-01', '14:30:00', 'Daily', 'future', '2025-07-14 19:25:13'),
(511, 2, '2026-07-02', '14:30:00', 'Daily', 'future', '2025-07-14 19:25:13'),
(512, 2, '2026-07-03', '14:30:00', 'Daily', 'future', '2025-07-14 19:25:13'),
(513, 2, '2026-07-04', '14:30:00', 'Daily', 'future', '2025-07-14 19:25:13'),
(514, 2, '2026-07-05', '14:30:00', 'Daily', 'future', '2025-07-14 19:25:13'),
(515, 2, '2026-07-06', '14:30:00', 'Daily', 'future', '2025-07-14 19:25:13'),
(516, 2, '2026-07-07', '14:30:00', 'Daily', 'future', '2025-07-14 19:25:13'),
(517, 2, '2026-07-08', '14:30:00', 'Daily', 'future', '2025-07-14 19:25:13'),
(518, 2, '2026-07-09', '14:30:00', 'Daily', 'future', '2025-07-14 19:25:13'),
(519, 2, '2026-07-10', '14:30:00', 'Daily', 'future', '2025-07-14 19:25:13'),
(520, 2, '2026-07-11', '14:30:00', 'Daily', 'future', '2025-07-14 19:25:13'),
(521, 2, '2026-07-12', '14:30:00', 'Daily', 'future', '2025-07-14 19:25:13'),
(522, 2, '2026-07-13', '14:30:00', 'Daily', 'future', '2025-07-14 19:25:13'),
(523, 2, '2026-07-14', '14:30:00', 'Daily', 'future', '2025-07-14 19:25:13');

-- --------------------------------------------------------

--
-- Table structure for table `ik_daily_time_info`
--

CREATE TABLE `ik_daily_time_info` (
  `dtime_id` int(11) NOT NULL,
  `ikimina_name` varchar(20) DEFAULT NULL,
  `dtime_time` time NOT NULL,
  `f_id` int(11) NOT NULL,
  `location_id` int(11) NOT NULL
) ENGINE=InnoDB DEFAULT CHARSET=utf8mb4 COLLATE=utf8mb4_general_ci;

--
-- Dumping data for table `ik_daily_time_info`
--

INSERT INTO `ik_daily_time_info` (`dtime_id`, `ikimina_name`, `dtime_time`, `f_id`, `location_id`) VALUES
(1, 'Tuzamurane', '14:30:00', 4, 3);

-- --------------------------------------------------------

--
-- Table structure for table `ik_monthly_time_info`
--

CREATE TABLE `ik_monthly_time_info` (
  `monthlytime_id` int(11) NOT NULL,
  `ikimina_name` varchar(20) DEFAULT NULL,
  `monthlytime_date` varchar(100) NOT NULL,
  `monthlytime_time` time NOT NULL,
  `f_id` int(11) NOT NULL,
  `location_id` int(11) NOT NULL
) ENGINE=InnoDB DEFAULT CHARSET=utf8mb4 COLLATE=utf8mb4_general_ci;

-- --------------------------------------------------------

--
-- Table structure for table `ik_weekly_time_info`
--

CREATE TABLE `ik_weekly_time_info` (
  `weeklytime_id` int(11) NOT NULL,
  `ikimina_name` varchar(20) DEFAULT NULL,
  `weeklytime_day` varchar(60) NOT NULL,
  `weeklytime_time` time NOT NULL,
  `f_id` int(11) NOT NULL,
  `location_id` int(11) NOT NULL
) ENGINE=InnoDB DEFAULT CHARSET=utf8mb4 COLLATE=utf8mb4_general_ci;

--
-- Dumping data for table `ik_weekly_time_info`
--

INSERT INTO `ik_weekly_time_info` (`weeklytime_id`, `ikimina_name`, `weeklytime_day`, `weeklytime_time`, `f_id`, `location_id`) VALUES
(1, 'Umurava', 'Monday', '13:00:00', 5, 2),
(2, 'Umurava', 'Sunday', '13:00:00', 5, 2),
(3, 'Umurava', 'Thursday', '13:00:00', 5, 2);

-- --------------------------------------------------------

--
-- Table structure for table `loan_pridict_data`
--

CREATE TABLE `loan_pridict_data` (
  `loanpredict_id` int(11) NOT NULL,
  `maccess_id` int(11) NOT NULL,
  `SavingTimesPerPeriod` int(11) NOT NULL,
  `TotalSavingCycles` int(11) NOT NULL,
  `CompletedSavingCycles` int(11) NOT NULL,
  `UserSavingsMade` int(11) NOT NULL,
  `TotalCurrentSaving` decimal(15,2) NOT NULL,
  `IkiminaCreatedYear` int(11) NOT NULL,
  `UserJoinedYear` int(11) NOT NULL,
  `Age` int(11) NOT NULL,
  `HasGuardian` tinyint(1) NOT NULL,
  `IsEmployed` tinyint(1) NOT NULL,
  `SavingFrequency` enum('daily','weekly','monthly') NOT NULL,
  `RecentLoanPaymentStatus` enum('Excellent','Better','Good','Bad','Poor') NOT NULL,
  `ModelChoice` enum('Random Forest','XGBoost','Linear Regression') NOT NULL,
  `AllowedLoan` decimal(15,2) NOT NULL,
  `created_at` timestamp NOT NULL DEFAULT current_timestamp()
) ENGINE=InnoDB DEFAULT CHARSET=utf8mb4 COLLATE=utf8mb4_general_ci;

-- --------------------------------------------------------

--
-- Table structure for table `members_info`
--

CREATE TABLE `members_info` (
  `member_id` int(11) NOT NULL,
  `member_names` varchar(100) NOT NULL,
  `member_Nid` varchar(20) DEFAULT NULL,
  `gm_Nid` varchar(20) DEFAULT NULL,
  `member_phone_number` varchar(10) NOT NULL,
  `member_email` varchar(100) DEFAULT NULL,
  `member_type_id` int(11) NOT NULL,
  `iki_id` int(11) NOT NULL
) ENGINE=InnoDB DEFAULT CHARSET=utf8mb4 COLLATE=utf8mb4_general_ci;

--
-- Dumping data for table `members_info`
--

INSERT INTO `members_info` (`member_id`, `member_names`, `member_Nid`, `gm_Nid`, `member_phone_number`, `member_email`, `member_type_id`, `iki_id`) VALUES
(1, 'Elyse NSENGIMANA', '1234567890123456', NULL, '0785010411', 'elinsengimana@gmail.com', 1, 1);

-- --------------------------------------------------------

--
-- Table structure for table `member_access_info`
--

CREATE TABLE `member_access_info` (
  `maccess_id` int(11) NOT NULL,
  `member_id` int(11) NOT NULL,
  `member_code` char(5) NOT NULL,
  `member_pass` char(5) NOT NULL
) ENGINE=InnoDB DEFAULT CHARSET=utf8mb4 COLLATE=utf8mb4_general_ci;

--
-- Dumping data for table `member_access_info`
--

INSERT INTO `member_access_info` (`maccess_id`, `member_id`, `member_code`, `member_pass`) VALUES
(1, 1, '01001', '65261');

-- --------------------------------------------------------

--
-- Table structure for table `member_saving_activities`
--

CREATE TABLE `member_saving_activities` (
  `save_id` int(11) NOT NULL,
  `member_id` int(11) NOT NULL,
  `slot_id` int(11) NOT NULL,
  `saved_amount` decimal(10,2) NOT NULL,
  `saved_at` datetime NOT NULL DEFAULT current_timestamp(),
  `penalty_applied` decimal(10,2) DEFAULT 0.00,
  `is_late` tinyint(1) DEFAULT 0
) ENGINE=InnoDB DEFAULT CHARSET=utf8mb4 COLLATE=utf8mb4_general_ci;

-- --------------------------------------------------------

--
-- Table structure for table `member_type_info`
--

CREATE TABLE `member_type_info` (
  `member_type_id` int(11) NOT NULL,
  `member_type` varchar(50) NOT NULL,
  `type_desc` varchar(50) DEFAULT NULL
) ENGINE=InnoDB DEFAULT CHARSET=utf8mb4 COLLATE=utf8mb4_general_ci;

--
-- Dumping data for table `member_type_info`
--

INSERT INTO `member_type_info` (`member_type_id`, `member_type`, `type_desc`) VALUES
(1, 'President', 'Umukuru w\'Ikimina'),
(2, 'Secretaire', 'Umunyamabanga wikimina'),
(3, 'Countable', 'umubitsi');

-- --------------------------------------------------------

--
-- Table structure for table `penalties`
--

CREATE TABLE `penalties` (
  `penalty_id` int(11) NOT NULL,
  `member_id` int(11) NOT NULL,
  `iki_id` int(11) NOT NULL,
  `penalty_type` enum('date','time') NOT NULL,
  `penalty_amount` decimal(10,2) NOT NULL,
  `reason` varchar(255) DEFAULT NULL,
  `created_at` datetime DEFAULT current_timestamp()
) ENGINE=InnoDB DEFAULT CHARSET=utf8mb4 COLLATE=utf8mb4_general_ci;

-- --------------------------------------------------------

--
-- Table structure for table `savings_info`
--

CREATE TABLE `savings_info` (
  `saving_id` int(11) NOT NULL,
  `member_id` int(11) NOT NULL,
  `iki_id` int(11) NOT NULL,
  `amount` decimal(10,2) NOT NULL,
  `SavingDate` datetime DEFAULT current_timestamp(),
  `IkiminaSavingDate` date NOT NULL,
  `penalty_amount` decimal(10,2) DEFAULT 0.00,
  `is_late` tinyint(1) DEFAULT 0
) ENGINE=InnoDB DEFAULT CHARSET=utf8mb4 COLLATE=utf8mb4_general_ci;

-- --------------------------------------------------------

--
-- Table structure for table `saving_cycles`
--

CREATE TABLE `saving_cycles` (
  `cycle_id` int(11) NOT NULL,
  `iki_id` int(11) NOT NULL,
  `cycle_start` datetime NOT NULL,
  `cycle_end` datetime DEFAULT NULL,
  `is_cycle_active` tinyint(1) DEFAULT 1
) ENGINE=InnoDB DEFAULT CHARSET=utf8mb4 COLLATE=utf8mb4_general_ci;

--
-- Dumping data for table `saving_cycles`
--

INSERT INTO `saving_cycles` (`cycle_id`, `iki_id`, `cycle_start`, `cycle_end`, `is_cycle_active`) VALUES
(1, 1, '2025-07-31 00:00:00', '2026-07-13 00:00:00', 0),
(2, 2, '2025-07-14 00:00:00', '2026-07-14 00:00:00', 0),
(3, 2, '2025-07-14 00:00:00', '2026-07-14 00:00:00', 1),
(4, 1, '2025-07-14 00:00:00', '2026-07-13 00:00:00', 1);

-- --------------------------------------------------------

--
-- Table structure for table `saving_slots`
--

CREATE TABLE `saving_slots` (
  `slot_id` int(11) NOT NULL,
  `member_id` int(11) DEFAULT NULL,
  `iki_id` int(11) DEFAULT NULL,
  `slot_number` int(11) DEFAULT NULL,
  `target_date` date DEFAULT NULL,
  `status` enum('saved','missed','pending') DEFAULT 'pending',
  `saved_amount` decimal(10,2) DEFAULT NULL,
  `date_saved` date DEFAULT NULL
) ENGINE=InnoDB DEFAULT CHARSET=utf8mb4 COLLATE=utf8mb4_general_ci;

--
-- Dumping data for table `saving_slots`
--

INSERT INTO `saving_slots` (`slot_id`, `member_id`, `iki_id`, `slot_number`, `target_date`, `status`, `saved_amount`, `date_saved`) VALUES
(1, 14, 2, 1, '2025-07-14', 'pending', NULL, NULL),
(2, 14, 2, 2, '2025-07-14', 'pending', NULL, NULL),
(3, 14, 2, 3, '2025-07-14', 'pending', NULL, NULL),
(4, 14, 2, 4, '2025-07-14', 'pending', NULL, NULL),
(5, 14, 2, 5, '2025-07-18', 'pending', NULL, NULL),
(6, 14, 2, 6, '2025-07-18', 'pending', NULL, NULL),
(7, 14, 2, 7, '2025-07-18', 'pending', NULL, NULL),
(8, 14, 2, 8, '2025-07-18', 'pending', NULL, NULL),
(9, 14, 2, 9, '2025-07-16', 'pending', NULL, NULL),
(10, 14, 2, 10, '2025-07-16', 'pending', NULL, NULL),
(11, 14, 2, 11, '2025-07-16', 'pending', NULL, NULL),
(12, 14, 2, 12, '2025-07-16', 'pending', NULL, NULL),
(13, 14, 2, 13, '2025-07-13', 'pending', NULL, NULL),
(14, 14, 2, 14, '2025-07-13', 'pending', NULL, NULL),
(15, 14, 2, 15, '2025-07-13', 'pending', NULL, NULL),
(16, 14, 2, 16, '2025-07-13', 'pending', NULL, NULL),
(17, 14, 2, 17, '2025-07-21', 'pending', NULL, NULL),
(18, 14, 2, 18, '2025-07-21', 'pending', NULL, NULL),
(19, 14, 2, 19, '2025-07-21', 'pending', NULL, NULL),
(20, 14, 2, 20, '2025-07-21', 'pending', NULL, NULL),
(21, 14, 2, 21, '2025-07-25', 'pending', NULL, NULL),
(22, 14, 2, 22, '2025-07-25', 'pending', NULL, NULL),
(23, 14, 2, 23, '2025-07-25', 'pending', NULL, NULL),
(24, 14, 2, 24, '2025-07-25', 'pending', NULL, NULL),
(25, 14, 2, 25, '2025-07-23', 'pending', NULL, NULL),
(26, 14, 2, 26, '2025-07-23', 'pending', NULL, NULL),
(27, 14, 2, 27, '2025-07-23', 'pending', NULL, NULL),
(28, 14, 2, 28, '2025-07-23', 'pending', NULL, NULL),
(29, 14, 2, 29, '2025-07-20', 'pending', NULL, NULL),
(30, 14, 2, 30, '2025-07-20', 'pending', NULL, NULL),
(31, 14, 2, 31, '2025-07-20', 'pending', NULL, NULL),
(32, 14, 2, 32, '2025-07-20', 'pending', NULL, NULL),
(33, 14, 2, 33, '2025-07-28', 'pending', NULL, NULL),
(34, 14, 2, 34, '2025-07-28', 'pending', NULL, NULL),
(35, 14, 2, 35, '2025-07-28', 'pending', NULL, NULL),
(36, 14, 2, 36, '2025-07-28', 'pending', NULL, NULL),
(37, 14, 2, 37, '2025-08-01', 'pending', NULL, NULL),
(38, 14, 2, 38, '2025-08-01', 'pending', NULL, NULL),
(39, 14, 2, 39, '2025-08-01', 'pending', NULL, NULL),
(40, 14, 2, 40, '2025-08-01', 'pending', NULL, NULL),
(41, 14, 2, 41, '2025-07-30', 'pending', NULL, NULL),
(42, 14, 2, 42, '2025-07-30', 'pending', NULL, NULL),
(43, 14, 2, 43, '2025-07-30', 'pending', NULL, NULL),
(44, 14, 2, 44, '2025-07-30', 'pending', NULL, NULL),
(45, 14, 2, 45, '2025-07-27', 'pending', NULL, NULL),
(46, 14, 2, 46, '2025-07-27', 'pending', NULL, NULL),
(47, 14, 2, 47, '2025-07-27', 'pending', NULL, NULL),
(48, 14, 2, 48, '2025-07-27', 'pending', NULL, NULL),
(49, 14, 2, 49, '2025-08-04', 'pending', NULL, NULL),
(50, 14, 2, 50, '2025-08-04', 'pending', NULL, NULL),
(51, 14, 2, 51, '2025-08-04', 'pending', NULL, NULL),
(52, 14, 2, 52, '2025-08-04', 'pending', NULL, NULL),
(53, 14, 2, 53, '2025-08-08', 'pending', NULL, NULL),
(54, 14, 2, 54, '2025-08-08', 'pending', NULL, NULL),
(55, 14, 2, 55, '2025-08-08', 'pending', NULL, NULL),
(56, 14, 2, 56, '2025-08-08', 'pending', NULL, NULL),
(57, 14, 2, 57, '2025-08-06', 'pending', NULL, NULL),
(58, 14, 2, 58, '2025-08-06', 'pending', NULL, NULL),
(59, 14, 2, 59, '2025-08-06', 'pending', NULL, NULL),
(60, 14, 2, 60, '2025-08-06', 'pending', NULL, NULL),
(61, 14, 2, 61, '2025-08-03', 'pending', NULL, NULL),
(62, 14, 2, 62, '2025-08-03', 'pending', NULL, NULL),
(63, 14, 2, 63, '2025-08-03', 'pending', NULL, NULL),
(64, 14, 2, 64, '2025-08-03', 'pending', NULL, NULL),
(65, 14, 2, 65, '2025-08-11', 'pending', NULL, NULL),
(66, 14, 2, 66, '2025-08-11', 'pending', NULL, NULL),
(67, 14, 2, 67, '2025-08-11', 'pending', NULL, NULL),
(68, 14, 2, 68, '2025-08-11', 'pending', NULL, NULL),
(69, 14, 2, 69, '2025-08-15', 'pending', NULL, NULL),
(70, 14, 2, 70, '2025-08-15', 'pending', NULL, NULL),
(71, 14, 2, 71, '2025-08-15', 'pending', NULL, NULL),
(72, 14, 2, 72, '2025-08-15', 'pending', NULL, NULL),
(73, 14, 2, 73, '2025-08-13', 'pending', NULL, NULL),
(74, 14, 2, 74, '2025-08-13', 'pending', NULL, NULL),
(75, 14, 2, 75, '2025-08-13', 'pending', NULL, NULL),
(76, 14, 2, 76, '2025-08-13', 'pending', NULL, NULL),
(77, 14, 2, 77, '2025-08-10', 'pending', NULL, NULL),
(78, 14, 2, 78, '2025-08-10', 'pending', NULL, NULL),
(79, 14, 2, 79, '2025-08-10', 'pending', NULL, NULL),
(80, 14, 2, 80, '2025-08-10', 'pending', NULL, NULL),
(81, 14, 2, 81, '2025-08-18', 'pending', NULL, NULL),
(82, 14, 2, 82, '2025-08-18', 'pending', NULL, NULL),
(83, 14, 2, 83, '2025-08-18', 'pending', NULL, NULL),
(84, 14, 2, 84, '2025-08-18', 'pending', NULL, NULL),
(85, 14, 2, 85, '2025-08-22', 'pending', NULL, NULL),
(86, 14, 2, 86, '2025-08-22', 'pending', NULL, NULL),
(87, 14, 2, 87, '2025-08-22', 'pending', NULL, NULL),
(88, 14, 2, 88, '2025-08-22', 'pending', NULL, NULL),
(89, 14, 2, 89, '2025-08-20', 'pending', NULL, NULL),
(90, 14, 2, 90, '2025-08-20', 'pending', NULL, NULL),
(91, 14, 2, 91, '2025-08-20', 'pending', NULL, NULL),
(92, 14, 2, 92, '2025-08-20', 'pending', NULL, NULL),
(93, 14, 2, 93, '2025-08-17', 'pending', NULL, NULL),
(94, 14, 2, 94, '2025-08-17', 'pending', NULL, NULL),
(95, 14, 2, 95, '2025-08-17', 'pending', NULL, NULL),
(96, 14, 2, 96, '2025-08-17', 'pending', NULL, NULL),
(97, 14, 2, 97, '2025-08-25', 'pending', NULL, NULL),
(98, 14, 2, 98, '2025-08-25', 'pending', NULL, NULL),
(99, 14, 2, 99, '2025-08-25', 'pending', NULL, NULL),
(100, 14, 2, 100, '2025-08-25', 'pending', NULL, NULL),
(101, 14, 2, 101, '2025-08-29', 'pending', NULL, NULL),
(102, 14, 2, 102, '2025-08-29', 'pending', NULL, NULL),
(103, 14, 2, 103, '2025-08-29', 'pending', NULL, NULL),
(104, 14, 2, 104, '2025-08-29', 'pending', NULL, NULL),
(105, 14, 2, 105, '2025-08-27', 'pending', NULL, NULL),
(106, 14, 2, 106, '2025-08-27', 'pending', NULL, NULL),
(107, 14, 2, 107, '2025-08-27', 'pending', NULL, NULL),
(108, 14, 2, 108, '2025-08-27', 'pending', NULL, NULL),
(109, 14, 2, 109, '2025-08-24', 'pending', NULL, NULL),
(110, 14, 2, 110, '2025-08-24', 'pending', NULL, NULL),
(111, 14, 2, 111, '2025-08-24', 'pending', NULL, NULL),
(112, 14, 2, 112, '2025-08-24', 'pending', NULL, NULL),
(113, 14, 2, 113, '2025-09-01', 'pending', NULL, NULL),
(114, 14, 2, 114, '2025-09-01', 'pending', NULL, NULL),
(115, 14, 2, 115, '2025-09-01', 'pending', NULL, NULL),
(116, 14, 2, 116, '2025-09-01', 'pending', NULL, NULL),
(117, 14, 2, 117, '2025-09-05', 'pending', NULL, NULL),
(118, 14, 2, 118, '2025-09-05', 'pending', NULL, NULL),
(119, 14, 2, 119, '2025-09-05', 'pending', NULL, NULL),
(120, 14, 2, 120, '2025-09-05', 'pending', NULL, NULL),
(121, 14, 2, 121, '2025-09-03', 'pending', NULL, NULL),
(122, 14, 2, 122, '2025-09-03', 'pending', NULL, NULL),
(123, 14, 2, 123, '2025-09-03', 'pending', NULL, NULL),
(124, 14, 2, 124, '2025-09-03', 'pending', NULL, NULL),
(125, 14, 2, 125, '2025-08-31', 'pending', NULL, NULL),
(126, 14, 2, 126, '2025-08-31', 'pending', NULL, NULL),
(127, 14, 2, 127, '2025-08-31', 'pending', NULL, NULL),
(128, 14, 2, 128, '2025-08-31', 'pending', NULL, NULL),
(129, 14, 2, 129, '2025-09-08', 'pending', NULL, NULL),
(130, 14, 2, 130, '2025-09-08', 'pending', NULL, NULL),
(131, 14, 2, 131, '2025-09-08', 'pending', NULL, NULL),
(132, 14, 2, 132, '2025-09-08', 'pending', NULL, NULL),
(133, 14, 2, 133, '2025-09-12', 'pending', NULL, NULL),
(134, 14, 2, 134, '2025-09-12', 'pending', NULL, NULL),
(135, 14, 2, 135, '2025-09-12', 'pending', NULL, NULL),
(136, 14, 2, 136, '2025-09-12', 'pending', NULL, NULL),
(137, 14, 2, 137, '2025-09-10', 'pending', NULL, NULL),
(138, 14, 2, 138, '2025-09-10', 'pending', NULL, NULL),
(139, 14, 2, 139, '2025-09-10', 'pending', NULL, NULL),
(140, 14, 2, 140, '2025-09-10', 'pending', NULL, NULL),
(141, 14, 2, 141, '2025-09-07', 'pending', NULL, NULL),
(142, 14, 2, 142, '2025-09-07', 'pending', NULL, NULL),
(143, 14, 2, 143, '2025-09-07', 'pending', NULL, NULL),
(144, 14, 2, 144, '2025-09-07', 'pending', NULL, NULL),
(145, 14, 2, 145, '2025-09-15', 'pending', NULL, NULL),
(146, 14, 2, 146, '2025-09-15', 'pending', NULL, NULL),
(147, 14, 2, 147, '2025-09-15', 'pending', NULL, NULL),
(148, 14, 2, 148, '2025-09-15', 'pending', NULL, NULL),
(149, 14, 2, 149, '2025-09-19', 'pending', NULL, NULL),
(150, 14, 2, 150, '2025-09-19', 'pending', NULL, NULL),
(151, 14, 2, 151, '2025-09-19', 'pending', NULL, NULL),
(152, 14, 2, 152, '2025-09-19', 'pending', NULL, NULL),
(153, 14, 2, 153, '2025-09-17', 'pending', NULL, NULL),
(154, 14, 2, 154, '2025-09-17', 'pending', NULL, NULL),
(155, 14, 2, 155, '2025-09-17', 'pending', NULL, NULL),
(156, 14, 2, 156, '2025-09-17', 'pending', NULL, NULL),
(157, 14, 2, 157, '2025-09-14', 'pending', NULL, NULL),
(158, 14, 2, 158, '2025-09-14', 'pending', NULL, NULL),
(159, 14, 2, 159, '2025-09-14', 'pending', NULL, NULL),
(160, 14, 2, 160, '2025-09-14', 'pending', NULL, NULL),
(161, 14, 2, 161, '2025-09-22', 'pending', NULL, NULL),
(162, 14, 2, 162, '2025-09-22', 'pending', NULL, NULL),
(163, 14, 2, 163, '2025-09-22', 'pending', NULL, NULL),
(164, 14, 2, 164, '2025-09-22', 'pending', NULL, NULL),
(165, 14, 2, 165, '2025-09-26', 'pending', NULL, NULL),
(166, 14, 2, 166, '2025-09-26', 'pending', NULL, NULL),
(167, 14, 2, 167, '2025-09-26', 'pending', NULL, NULL),
(168, 14, 2, 168, '2025-09-26', 'pending', NULL, NULL),
(169, 14, 2, 169, '2025-09-24', 'pending', NULL, NULL),
(170, 14, 2, 170, '2025-09-24', 'pending', NULL, NULL),
(171, 14, 2, 171, '2025-09-24', 'pending', NULL, NULL),
(172, 14, 2, 172, '2025-09-24', 'pending', NULL, NULL),
(173, 14, 2, 173, '2025-09-21', 'pending', NULL, NULL),
(174, 14, 2, 174, '2025-09-21', 'pending', NULL, NULL),
(175, 14, 2, 175, '2025-09-21', 'pending', NULL, NULL),
(176, 14, 2, 176, '2025-09-21', 'pending', NULL, NULL),
(177, 14, 2, 177, '2025-09-29', 'pending', NULL, NULL),
(178, 14, 2, 178, '2025-09-29', 'pending', NULL, NULL),
(179, 14, 2, 179, '2025-09-29', 'pending', NULL, NULL),
(180, 14, 2, 180, '2025-09-29', 'pending', NULL, NULL),
(181, 14, 2, 181, '2025-10-03', 'pending', NULL, NULL),
(182, 14, 2, 182, '2025-10-03', 'pending', NULL, NULL),
(183, 14, 2, 183, '2025-10-03', 'pending', NULL, NULL),
(184, 14, 2, 184, '2025-10-03', 'pending', NULL, NULL),
(185, 14, 2, 185, '2025-10-01', 'pending', NULL, NULL),
(186, 14, 2, 186, '2025-10-01', 'pending', NULL, NULL),
(187, 14, 2, 187, '2025-10-01', 'pending', NULL, NULL),
(188, 14, 2, 188, '2025-10-01', 'pending', NULL, NULL),
(189, 14, 2, 189, '2025-09-28', 'pending', NULL, NULL),
(190, 14, 2, 190, '2025-09-28', 'pending', NULL, NULL),
(191, 14, 2, 191, '2025-09-28', 'pending', NULL, NULL),
(192, 14, 2, 192, '2025-09-28', 'pending', NULL, NULL),
(193, 14, 2, 193, '2025-10-06', 'pending', NULL, NULL),
(194, 14, 2, 194, '2025-10-06', 'pending', NULL, NULL),
(195, 14, 2, 195, '2025-10-06', 'pending', NULL, NULL),
(196, 14, 2, 196, '2025-10-06', 'pending', NULL, NULL),
(197, 14, 2, 197, '2025-10-10', 'pending', NULL, NULL),
(198, 14, 2, 198, '2025-10-10', 'pending', NULL, NULL),
(199, 14, 2, 199, '2025-10-10', 'pending', NULL, NULL),
(200, 14, 2, 200, '2025-10-10', 'pending', NULL, NULL),
(201, 14, 2, 201, '2025-10-08', 'pending', NULL, NULL),
(202, 14, 2, 202, '2025-10-08', 'pending', NULL, NULL),
(203, 14, 2, 203, '2025-10-08', 'pending', NULL, NULL),
(204, 14, 2, 204, '2025-10-08', 'pending', NULL, NULL),
(205, 14, 2, 205, '2025-10-05', 'pending', NULL, NULL),
(206, 14, 2, 206, '2025-10-05', 'pending', NULL, NULL),
(207, 14, 2, 207, '2025-10-05', 'pending', NULL, NULL),
(208, 14, 2, 208, '2025-10-05', 'pending', NULL, NULL),
(209, 14, 2, 209, '2025-10-13', 'pending', NULL, NULL),
(210, 14, 2, 210, '2025-10-13', 'pending', NULL, NULL),
(211, 14, 2, 211, '2025-10-13', 'pending', NULL, NULL),
(212, 14, 2, 212, '2025-10-13', 'pending', NULL, NULL),
(213, 14, 2, 213, '2025-10-17', 'pending', NULL, NULL),
(214, 14, 2, 214, '2025-10-17', 'pending', NULL, NULL),
(215, 14, 2, 215, '2025-10-17', 'pending', NULL, NULL),
(216, 14, 2, 216, '2025-10-17', 'pending', NULL, NULL),
(217, 14, 2, 217, '2025-10-15', 'pending', NULL, NULL),
(218, 14, 2, 218, '2025-10-15', 'pending', NULL, NULL),
(219, 14, 2, 219, '2025-10-15', 'pending', NULL, NULL),
(220, 14, 2, 220, '2025-10-15', 'pending', NULL, NULL),
(221, 14, 2, 221, '2025-10-12', 'pending', NULL, NULL),
(222, 14, 2, 222, '2025-10-12', 'pending', NULL, NULL),
(223, 14, 2, 223, '2025-10-12', 'pending', NULL, NULL),
(224, 14, 2, 224, '2025-10-12', 'pending', NULL, NULL),
(225, 14, 2, 225, '2025-10-20', 'pending', NULL, NULL),
(226, 14, 2, 226, '2025-10-20', 'pending', NULL, NULL),
(227, 14, 2, 227, '2025-10-20', 'pending', NULL, NULL),
(228, 14, 2, 228, '2025-10-20', 'pending', NULL, NULL),
(229, 14, 2, 229, '2025-10-24', 'pending', NULL, NULL),
(230, 14, 2, 230, '2025-10-24', 'pending', NULL, NULL),
(231, 14, 2, 231, '2025-10-24', 'pending', NULL, NULL),
(232, 14, 2, 232, '2025-10-24', 'pending', NULL, NULL),
(233, 14, 2, 233, '2025-10-22', 'pending', NULL, NULL),
(234, 14, 2, 234, '2025-10-22', 'pending', NULL, NULL),
(235, 14, 2, 235, '2025-10-22', 'pending', NULL, NULL),
(236, 14, 2, 236, '2025-10-22', 'pending', NULL, NULL),
(237, 14, 2, 237, '2025-10-19', 'pending', NULL, NULL),
(238, 14, 2, 238, '2025-10-19', 'pending', NULL, NULL),
(239, 14, 2, 239, '2025-10-19', 'pending', NULL, NULL),
(240, 14, 2, 240, '2025-10-19', 'pending', NULL, NULL),
(241, 14, 2, 241, '2025-10-27', 'pending', NULL, NULL),
(242, 14, 2, 242, '2025-10-27', 'pending', NULL, NULL),
(243, 14, 2, 243, '2025-10-27', 'pending', NULL, NULL),
(244, 14, 2, 244, '2025-10-27', 'pending', NULL, NULL),
(245, 14, 2, 245, '2025-10-31', 'pending', NULL, NULL),
(246, 14, 2, 246, '2025-10-31', 'pending', NULL, NULL),
(247, 14, 2, 247, '2025-10-31', 'pending', NULL, NULL),
(248, 14, 2, 248, '2025-10-31', 'pending', NULL, NULL),
(249, 14, 2, 249, '2025-10-29', 'pending', NULL, NULL),
(250, 14, 2, 250, '2025-10-29', 'pending', NULL, NULL),
(251, 14, 2, 251, '2025-10-29', 'pending', NULL, NULL),
(252, 14, 2, 252, '2025-10-29', 'pending', NULL, NULL),
(253, 14, 2, 253, '2025-10-26', 'pending', NULL, NULL),
(254, 14, 2, 254, '2025-10-26', 'pending', NULL, NULL),
(255, 14, 2, 255, '2025-10-26', 'pending', NULL, NULL),
(256, 14, 2, 256, '2025-10-26', 'pending', NULL, NULL),
(257, 14, 2, 257, '2025-11-03', 'pending', NULL, NULL),
(258, 14, 2, 258, '2025-11-03', 'pending', NULL, NULL),
(259, 14, 2, 259, '2025-11-03', 'pending', NULL, NULL),
(260, 14, 2, 260, '2025-11-03', 'pending', NULL, NULL),
(261, 14, 2, 261, '2025-11-07', 'pending', NULL, NULL),
(262, 14, 2, 262, '2025-11-07', 'pending', NULL, NULL),
(263, 14, 2, 263, '2025-11-07', 'pending', NULL, NULL),
(264, 14, 2, 264, '2025-11-07', 'pending', NULL, NULL),
(265, 14, 2, 265, '2025-11-05', 'pending', NULL, NULL),
(266, 14, 2, 266, '2025-11-05', 'pending', NULL, NULL),
(267, 14, 2, 267, '2025-11-05', 'pending', NULL, NULL),
(268, 14, 2, 268, '2025-11-05', 'pending', NULL, NULL),
(269, 14, 2, 269, '2025-11-02', 'pending', NULL, NULL),
(270, 14, 2, 270, '2025-11-02', 'pending', NULL, NULL),
(271, 14, 2, 271, '2025-11-02', 'pending', NULL, NULL),
(272, 14, 2, 272, '2025-11-02', 'pending', NULL, NULL),
(273, 14, 2, 273, '2025-11-10', 'pending', NULL, NULL),
(274, 14, 2, 274, '2025-11-10', 'pending', NULL, NULL),
(275, 14, 2, 275, '2025-11-10', 'pending', NULL, NULL),
(276, 14, 2, 276, '2025-11-10', 'pending', NULL, NULL),
(277, 14, 2, 277, '2025-11-14', 'pending', NULL, NULL),
(278, 14, 2, 278, '2025-11-14', 'pending', NULL, NULL),
(279, 14, 2, 279, '2025-11-14', 'pending', NULL, NULL),
(280, 14, 2, 280, '2025-11-14', 'pending', NULL, NULL),
(281, 14, 2, 281, '2025-11-12', 'pending', NULL, NULL),
(282, 14, 2, 282, '2025-11-12', 'pending', NULL, NULL),
(283, 14, 2, 283, '2025-11-12', 'pending', NULL, NULL),
(284, 14, 2, 284, '2025-11-12', 'pending', NULL, NULL),
(285, 14, 2, 285, '2025-11-09', 'pending', NULL, NULL),
(286, 14, 2, 286, '2025-11-09', 'pending', NULL, NULL),
(287, 14, 2, 287, '2025-11-09', 'pending', NULL, NULL),
(288, 14, 2, 288, '2025-11-09', 'pending', NULL, NULL),
(289, 14, 2, 289, '2025-11-17', 'pending', NULL, NULL),
(290, 14, 2, 290, '2025-11-17', 'pending', NULL, NULL),
(291, 14, 2, 291, '2025-11-17', 'pending', NULL, NULL),
(292, 14, 2, 292, '2025-11-17', 'pending', NULL, NULL),
(293, 14, 2, 293, '2025-11-21', 'pending', NULL, NULL),
(294, 14, 2, 294, '2025-11-21', 'pending', NULL, NULL),
(295, 14, 2, 295, '2025-11-21', 'pending', NULL, NULL),
(296, 14, 2, 296, '2025-11-21', 'pending', NULL, NULL),
(297, 14, 2, 297, '2025-11-19', 'pending', NULL, NULL),
(298, 14, 2, 298, '2025-11-19', 'pending', NULL, NULL),
(299, 14, 2, 299, '2025-11-19', 'pending', NULL, NULL),
(300, 14, 2, 300, '2025-11-19', 'pending', NULL, NULL),
(301, 14, 2, 301, '2025-11-16', 'pending', NULL, NULL),
(302, 14, 2, 302, '2025-11-16', 'pending', NULL, NULL),
(303, 14, 2, 303, '2025-11-16', 'pending', NULL, NULL),
(304, 14, 2, 304, '2025-11-16', 'pending', NULL, NULL),
(305, 14, 2, 305, '2025-11-24', 'pending', NULL, NULL),
(306, 14, 2, 306, '2025-11-24', 'pending', NULL, NULL),
(307, 14, 2, 307, '2025-11-24', 'pending', NULL, NULL),
(308, 14, 2, 308, '2025-11-24', 'pending', NULL, NULL),
(309, 14, 2, 309, '2025-11-28', 'pending', NULL, NULL),
(310, 14, 2, 310, '2025-11-28', 'pending', NULL, NULL),
(311, 14, 2, 311, '2025-11-28', 'pending', NULL, NULL),
(312, 14, 2, 312, '2025-11-28', 'pending', NULL, NULL),
(313, 14, 2, 313, '2025-11-26', 'pending', NULL, NULL),
(314, 14, 2, 314, '2025-11-26', 'pending', NULL, NULL),
(315, 14, 2, 315, '2025-11-26', 'pending', NULL, NULL),
(316, 14, 2, 316, '2025-11-26', 'pending', NULL, NULL),
(317, 14, 2, 317, '2025-11-23', 'pending', NULL, NULL),
(318, 14, 2, 318, '2025-11-23', 'pending', NULL, NULL),
(319, 14, 2, 319, '2025-11-23', 'pending', NULL, NULL),
(320, 14, 2, 320, '2025-11-23', 'pending', NULL, NULL),
(321, 14, 2, 321, '2025-12-01', 'pending', NULL, NULL),
(322, 14, 2, 322, '2025-12-01', 'pending', NULL, NULL),
(323, 14, 2, 323, '2025-12-01', 'pending', NULL, NULL),
(324, 14, 2, 324, '2025-12-01', 'pending', NULL, NULL),
(325, 14, 2, 325, '2025-12-05', 'pending', NULL, NULL),
(326, 14, 2, 326, '2025-12-05', 'pending', NULL, NULL),
(327, 14, 2, 327, '2025-12-05', 'pending', NULL, NULL),
(328, 14, 2, 328, '2025-12-05', 'pending', NULL, NULL),
(329, 14, 2, 329, '2025-12-03', 'pending', NULL, NULL),
(330, 14, 2, 330, '2025-12-03', 'pending', NULL, NULL),
(331, 14, 2, 331, '2025-12-03', 'pending', NULL, NULL),
(332, 14, 2, 332, '2025-12-03', 'pending', NULL, NULL),
(333, 14, 2, 333, '2025-11-30', 'pending', NULL, NULL),
(334, 14, 2, 334, '2025-11-30', 'pending', NULL, NULL),
(335, 14, 2, 335, '2025-11-30', 'pending', NULL, NULL),
(336, 14, 2, 336, '2025-11-30', 'pending', NULL, NULL),
(337, 14, 2, 337, '2025-12-08', 'pending', NULL, NULL),
(338, 14, 2, 338, '2025-12-08', 'pending', NULL, NULL),
(339, 14, 2, 339, '2025-12-08', 'pending', NULL, NULL),
(340, 14, 2, 340, '2025-12-08', 'pending', NULL, NULL),
(341, 14, 2, 341, '2025-12-12', 'pending', NULL, NULL),
(342, 14, 2, 342, '2025-12-12', 'pending', NULL, NULL),
(343, 14, 2, 343, '2025-12-12', 'pending', NULL, NULL),
(344, 14, 2, 344, '2025-12-12', 'pending', NULL, NULL),
(345, 14, 2, 345, '2025-12-10', 'pending', NULL, NULL),
(346, 14, 2, 346, '2025-12-10', 'pending', NULL, NULL),
(347, 14, 2, 347, '2025-12-10', 'pending', NULL, NULL),
(348, 14, 2, 348, '2025-12-10', 'pending', NULL, NULL),
(349, 14, 2, 349, '2025-12-07', 'pending', NULL, NULL),
(350, 14, 2, 350, '2025-12-07', 'pending', NULL, NULL),
(351, 14, 2, 351, '2025-12-07', 'pending', NULL, NULL),
(352, 14, 2, 352, '2025-12-07', 'pending', NULL, NULL),
(353, 14, 2, 353, '2025-12-15', 'pending', NULL, NULL),
(354, 14, 2, 354, '2025-12-15', 'pending', NULL, NULL),
(355, 14, 2, 355, '2025-12-15', 'pending', NULL, NULL),
(356, 14, 2, 356, '2025-12-15', 'pending', NULL, NULL),
(357, 14, 2, 357, '2025-12-19', 'pending', NULL, NULL),
(358, 14, 2, 358, '2025-12-19', 'pending', NULL, NULL),
(359, 14, 2, 359, '2025-12-19', 'pending', NULL, NULL),
(360, 14, 2, 360, '2025-12-19', 'pending', NULL, NULL),
(361, 14, 2, 361, '2025-12-17', 'pending', NULL, NULL),
(362, 14, 2, 362, '2025-12-17', 'pending', NULL, NULL),
(363, 14, 2, 363, '2025-12-17', 'pending', NULL, NULL),
(364, 14, 2, 364, '2025-12-17', 'pending', NULL, NULL),
(365, 14, 2, 365, '2025-12-14', 'pending', NULL, NULL),
(366, 14, 2, 366, '2025-12-14', 'pending', NULL, NULL),
(367, 14, 2, 367, '2025-12-14', 'pending', NULL, NULL),
(368, 14, 2, 368, '2025-12-14', 'pending', NULL, NULL),
(369, 14, 2, 369, '2025-12-22', 'pending', NULL, NULL),
(370, 14, 2, 370, '2025-12-22', 'pending', NULL, NULL),
(371, 14, 2, 371, '2025-12-22', 'pending', NULL, NULL),
(372, 14, 2, 372, '2025-12-22', 'pending', NULL, NULL),
(373, 14, 2, 373, '2025-12-26', 'pending', NULL, NULL),
(374, 14, 2, 374, '2025-12-26', 'pending', NULL, NULL),
(375, 14, 2, 375, '2025-12-26', 'pending', NULL, NULL),
(376, 14, 2, 376, '2025-12-26', 'pending', NULL, NULL),
(377, 14, 2, 377, '2025-12-24', 'pending', NULL, NULL),
(378, 14, 2, 378, '2025-12-24', 'pending', NULL, NULL),
(379, 14, 2, 379, '2025-12-24', 'pending', NULL, NULL),
(380, 14, 2, 380, '2025-12-24', 'pending', NULL, NULL),
(381, 14, 2, 381, '2025-12-21', 'pending', NULL, NULL),
(382, 14, 2, 382, '2025-12-21', 'pending', NULL, NULL),
(383, 14, 2, 383, '2025-12-21', 'pending', NULL, NULL),
(384, 14, 2, 384, '2025-12-21', 'pending', NULL, NULL),
(385, 14, 2, 385, '2025-12-29', 'pending', NULL, NULL),
(386, 14, 2, 386, '2025-12-29', 'pending', NULL, NULL),
(387, 14, 2, 387, '2025-12-29', 'pending', NULL, NULL),
(388, 14, 2, 388, '2025-12-29', 'pending', NULL, NULL),
(389, 14, 2, 389, '2026-01-02', 'pending', NULL, NULL),
(390, 14, 2, 390, '2026-01-02', 'pending', NULL, NULL),
(391, 14, 2, 391, '2026-01-02', 'pending', NULL, NULL),
(392, 14, 2, 392, '2026-01-02', 'pending', NULL, NULL),
(393, 14, 2, 393, '2025-12-31', 'pending', NULL, NULL),
(394, 14, 2, 394, '2025-12-31', 'pending', NULL, NULL),
(395, 14, 2, 395, '2025-12-31', 'pending', NULL, NULL),
(396, 14, 2, 396, '2025-12-31', 'pending', NULL, NULL),
(397, 14, 2, 397, '2025-12-28', 'pending', NULL, NULL),
(398, 14, 2, 398, '2025-12-28', 'pending', NULL, NULL),
(399, 14, 2, 399, '2025-12-28', 'pending', NULL, NULL),
(400, 14, 2, 400, '2025-12-28', 'pending', NULL, NULL);

-- --------------------------------------------------------

--
-- Table structure for table `supper_admin`
--

CREATE TABLE `supper_admin` (
  `sad_id` int(11) NOT NULL,
  `sad_names` varchar(100) NOT NULL,
  `sad_email` varchar(100) NOT NULL,
  `sad_username` varchar(50) NOT NULL,
  `sad_phone` varchar(10) NOT NULL,
  `sad_loc` varchar(20) DEFAULT NULL,
  `sad_pass` varchar(100) NOT NULL
) ENGINE=InnoDB DEFAULT CHARSET=utf8mb4 COLLATE=utf8mb4_general_ci;

--
-- Dumping data for table `supper_admin`
--

INSERT INTO `supper_admin` (`sad_id`, `sad_names`, `sad_email`, `sad_username`, `sad_phone`, `sad_loc`, `sad_pass`) VALUES
(1, 'Elyse NSENGIMANA', 'elinsengimana@gmail.com', 'nelyse', '0781049197', 'Rukumberi', '1234'),
(2, 'Solange UWINGABIRE', 'uwingabiresolange2000@gmail.com', 'Usolange', '0785310415', 'Musambira', '1234');

--
-- Indexes for dumped tables
--

--
-- Indexes for table `frequency_category_info`
--
ALTER TABLE `frequency_category_info`
  ADD PRIMARY KEY (`f_id`),
  ADD KEY `sad_id` (`sad_id`);

--
-- Indexes for table `gudian_members`
--
ALTER TABLE `gudian_members`
  ADD PRIMARY KEY (`gm_id`),
  ADD UNIQUE KEY `gm_Nid` (`gm_Nid`),
  ADD KEY `fk_gudian_ikimina` (`iki_id`);

--
-- Indexes for table `ikimina_info`
--
ALTER TABLE `ikimina_info`
  ADD PRIMARY KEY (`iki_id`),
  ADD UNIQUE KEY `iki_username` (`iki_username`),
  ADD KEY `f_id` (`f_id`),
  ADD KEY `ikimina_info_ibfk_1` (`iki_location`);

--
-- Indexes for table `ikimina_locations`
--
ALTER TABLE `ikimina_locations`
  ADD PRIMARY KEY (`location_id`),
  ADD KEY `fk_user` (`sad_id`),
  ADD KEY `fk_frequency_category` (`f_id`);

--
-- Indexes for table `ikimina_saving_rules`
--
ALTER TABLE `ikimina_saving_rules`
  ADD PRIMARY KEY (`rule_id`),
  ADD KEY `iki_id` (`iki_id`);

--
-- Indexes for table `ikimina_saving_slots`
--
ALTER TABLE `ikimina_saving_slots`
  ADD PRIMARY KEY (`slot_id`),
  ADD UNIQUE KEY `iki_id` (`iki_id`,`slot_date`,`slot_time`);

--
-- Indexes for table `ik_daily_time_info`
--
ALTER TABLE `ik_daily_time_info`
  ADD PRIMARY KEY (`dtime_id`),
  ADD KEY `f_id` (`f_id`),
  ADD KEY `fk_daily_location` (`location_id`);

--
-- Indexes for table `ik_monthly_time_info`
--
ALTER TABLE `ik_monthly_time_info`
  ADD PRIMARY KEY (`monthlytime_id`),
  ADD KEY `f_id` (`f_id`),
  ADD KEY `fk_monthly_location` (`location_id`);

--
-- Indexes for table `ik_weekly_time_info`
--
ALTER TABLE `ik_weekly_time_info`
  ADD PRIMARY KEY (`weeklytime_id`),
  ADD KEY `f_id` (`f_id`),
  ADD KEY `fk_weekly_location` (`location_id`);

--
-- Indexes for table `loan_pridict_data`
--
ALTER TABLE `loan_pridict_data`
  ADD PRIMARY KEY (`loanpredict_id`),
  ADD KEY `maccess_id` (`maccess_id`);

--
-- Indexes for table `members_info`
--
ALTER TABLE `members_info`
  ADD PRIMARY KEY (`member_id`),
  ADD KEY `fk_members_iki` (`iki_id`),
  ADD KEY `fk_members_type` (`member_type_id`);

--
-- Indexes for table `member_access_info`
--
ALTER TABLE `member_access_info`
  ADD PRIMARY KEY (`maccess_id`),
  ADD UNIQUE KEY `member_code` (`member_code`),
  ADD KEY `idx_member_id` (`member_id`);

--
-- Indexes for table `member_saving_activities`
--
ALTER TABLE `member_saving_activities`
  ADD PRIMARY KEY (`save_id`),
  ADD KEY `member_id` (`member_id`),
  ADD KEY `slot_id` (`slot_id`);

--
-- Indexes for table `member_type_info`
--
ALTER TABLE `member_type_info`
  ADD PRIMARY KEY (`member_type_id`),
  ADD UNIQUE KEY `member_type` (`member_type`);

--
-- Indexes for table `penalties`
--
ALTER TABLE `penalties`
  ADD PRIMARY KEY (`penalty_id`),
  ADD KEY `member_id` (`member_id`),
  ADD KEY `iki_id` (`iki_id`);

--
-- Indexes for table `savings_info`
--
ALTER TABLE `savings_info`
  ADD PRIMARY KEY (`saving_id`),
  ADD KEY `member_id` (`member_id`),
  ADD KEY `iki_id` (`iki_id`);

--
-- Indexes for table `saving_cycles`
--
ALTER TABLE `saving_cycles`
  ADD PRIMARY KEY (`cycle_id`),
  ADD KEY `iki_id` (`iki_id`);

--
-- Indexes for table `saving_slots`
--
ALTER TABLE `saving_slots`
  ADD PRIMARY KEY (`slot_id`),
  ADD KEY `member_id` (`member_id`),
  ADD KEY `iki_id` (`iki_id`);

--
-- Indexes for table `supper_admin`
--
ALTER TABLE `supper_admin`
  ADD PRIMARY KEY (`sad_id`),
  ADD UNIQUE KEY `sad_email` (`sad_email`),
  ADD UNIQUE KEY `sad_username` (`sad_username`);

--
-- AUTO_INCREMENT for dumped tables
--

--
-- AUTO_INCREMENT for table `frequency_category_info`
--
ALTER TABLE `frequency_category_info`
  MODIFY `f_id` int(11) NOT NULL AUTO_INCREMENT, AUTO_INCREMENT=7;

--
-- AUTO_INCREMENT for table `gudian_members`
--
ALTER TABLE `gudian_members`
  MODIFY `gm_id` int(11) NOT NULL AUTO_INCREMENT, AUTO_INCREMENT=2;

--
-- AUTO_INCREMENT for table `ikimina_info`
--
ALTER TABLE `ikimina_info`
  MODIFY `iki_id` int(11) NOT NULL AUTO_INCREMENT, AUTO_INCREMENT=3;

--
-- AUTO_INCREMENT for table `ikimina_locations`
--
ALTER TABLE `ikimina_locations`
  MODIFY `location_id` int(11) NOT NULL AUTO_INCREMENT, AUTO_INCREMENT=4;

--
-- AUTO_INCREMENT for table `ikimina_saving_rules`
--
ALTER TABLE `ikimina_saving_rules`
  MODIFY `rule_id` int(11) NOT NULL AUTO_INCREMENT, AUTO_INCREMENT=3;

--
-- AUTO_INCREMENT for table `ikimina_saving_slots`
--
ALTER TABLE `ikimina_saving_slots`
  MODIFY `slot_id` int(11) NOT NULL AUTO_INCREMENT, AUTO_INCREMENT=1047;

--
-- AUTO_INCREMENT for table `ik_daily_time_info`
--
ALTER TABLE `ik_daily_time_info`
  MODIFY `dtime_id` int(11) NOT NULL AUTO_INCREMENT, AUTO_INCREMENT=2;

--
-- AUTO_INCREMENT for table `ik_monthly_time_info`
--
ALTER TABLE `ik_monthly_time_info`
  MODIFY `monthlytime_id` int(11) NOT NULL AUTO_INCREMENT;

--
-- AUTO_INCREMENT for table `ik_weekly_time_info`
--
ALTER TABLE `ik_weekly_time_info`
  MODIFY `weeklytime_id` int(11) NOT NULL AUTO_INCREMENT, AUTO_INCREMENT=4;

--
-- AUTO_INCREMENT for table `loan_pridict_data`
--
ALTER TABLE `loan_pridict_data`
  MODIFY `loanpredict_id` int(11) NOT NULL AUTO_INCREMENT;

--
-- AUTO_INCREMENT for table `members_info`
--
ALTER TABLE `members_info`
  MODIFY `member_id` int(11) NOT NULL AUTO_INCREMENT, AUTO_INCREMENT=2;

--
-- AUTO_INCREMENT for table `member_access_info`
--
ALTER TABLE `member_access_info`
  MODIFY `maccess_id` int(11) NOT NULL AUTO_INCREMENT, AUTO_INCREMENT=2;

--
-- AUTO_INCREMENT for table `member_saving_activities`
--
ALTER TABLE `member_saving_activities`
  MODIFY `save_id` int(11) NOT NULL AUTO_INCREMENT;

--
-- AUTO_INCREMENT for table `member_type_info`
--
ALTER TABLE `member_type_info`
  MODIFY `member_type_id` int(11) NOT NULL AUTO_INCREMENT, AUTO_INCREMENT=4;

--
-- AUTO_INCREMENT for table `penalties`
--
ALTER TABLE `penalties`
  MODIFY `penalty_id` int(11) NOT NULL AUTO_INCREMENT;

--
-- AUTO_INCREMENT for table `savings_info`
--
ALTER TABLE `savings_info`
  MODIFY `saving_id` int(11) NOT NULL AUTO_INCREMENT;

--
-- AUTO_INCREMENT for table `saving_cycles`
--
ALTER TABLE `saving_cycles`
  MODIFY `cycle_id` int(11) NOT NULL AUTO_INCREMENT, AUTO_INCREMENT=5;

--
-- AUTO_INCREMENT for table `saving_slots`
--
ALTER TABLE `saving_slots`
  MODIFY `slot_id` int(11) NOT NULL AUTO_INCREMENT, AUTO_INCREMENT=401;

--
-- AUTO_INCREMENT for table `supper_admin`
--
ALTER TABLE `supper_admin`
  MODIFY `sad_id` int(11) NOT NULL AUTO_INCREMENT, AUTO_INCREMENT=10;

--
-- Constraints for dumped tables
--

--
-- Constraints for table `frequency_category_info`
--
ALTER TABLE `frequency_category_info`
  ADD CONSTRAINT `frequency_category_info_ibfk_1` FOREIGN KEY (`sad_id`) REFERENCES `supper_admin` (`sad_id`);

--
-- Constraints for table `gudian_members`
--
ALTER TABLE `gudian_members`
  ADD CONSTRAINT `fk_gudian_ikimina` FOREIGN KEY (`iki_id`) REFERENCES `ikimina_info` (`iki_id`) ON DELETE CASCADE;

--
-- Constraints for table `ikimina_info`
--
ALTER TABLE `ikimina_info`
  ADD CONSTRAINT `ikimina_info_ibfk_1` FOREIGN KEY (`iki_location`) REFERENCES `ikimina_locations` (`location_id`),
  ADD CONSTRAINT `ikimina_info_ibfk_2` FOREIGN KEY (`f_id`) REFERENCES `frequency_category_info` (`f_id`);

--
-- Constraints for table `ikimina_locations`
--
ALTER TABLE `ikimina_locations`
  ADD CONSTRAINT `fk_frequency_category` FOREIGN KEY (`f_id`) REFERENCES `frequency_category_info` (`f_id`),
  ADD CONSTRAINT `fk_user` FOREIGN KEY (`sad_id`) REFERENCES `supper_admin` (`sad_id`);

--
-- Constraints for table `ikimina_saving_rules`
--
ALTER TABLE `ikimina_saving_rules`
  ADD CONSTRAINT `ikimina_saving_rules_ibfk_1` FOREIGN KEY (`iki_id`) REFERENCES `ikimina_info` (`iki_id`) ON DELETE CASCADE;

--
-- Constraints for table `ikimina_saving_slots`
--
ALTER TABLE `ikimina_saving_slots`
  ADD CONSTRAINT `ikimina_saving_slots_ibfk_1` FOREIGN KEY (`iki_id`) REFERENCES `ikimina_info` (`iki_id`) ON DELETE CASCADE;

--
-- Constraints for table `ik_daily_time_info`
--
ALTER TABLE `ik_daily_time_info`
  ADD CONSTRAINT `fk_daily_location` FOREIGN KEY (`location_id`) REFERENCES `ikimina_locations` (`location_id`) ON DELETE CASCADE ON UPDATE CASCADE,
  ADD CONSTRAINT `ik_daily_time_info_ibfk_1` FOREIGN KEY (`f_id`) REFERENCES `frequency_category_info` (`f_id`);

--
-- Constraints for table `ik_monthly_time_info`
--
ALTER TABLE `ik_monthly_time_info`
  ADD CONSTRAINT `fk_monthly_location` FOREIGN KEY (`location_id`) REFERENCES `ikimina_locations` (`location_id`) ON DELETE CASCADE ON UPDATE CASCADE,
  ADD CONSTRAINT `ik_monthly_time_info_ibfk_1` FOREIGN KEY (`f_id`) REFERENCES `frequency_category_info` (`f_id`);

--
-- Constraints for table `ik_weekly_time_info`
--
ALTER TABLE `ik_weekly_time_info`
  ADD CONSTRAINT `fk_weekly_location` FOREIGN KEY (`location_id`) REFERENCES `ikimina_locations` (`location_id`) ON DELETE CASCADE ON UPDATE CASCADE,
  ADD CONSTRAINT `ik_weekly_time_info_ibfk_1` FOREIGN KEY (`f_id`) REFERENCES `frequency_category_info` (`f_id`);

--
-- Constraints for table `loan_pridict_data`
--
ALTER TABLE `loan_pridict_data`
  ADD CONSTRAINT `loan_pridict_data_ibfk_1` FOREIGN KEY (`maccess_id`) REFERENCES `member_access_info` (`maccess_id`) ON DELETE CASCADE ON UPDATE CASCADE;

--
-- Constraints for table `members_info`
--
ALTER TABLE `members_info`
  ADD CONSTRAINT `fk_members_iki` FOREIGN KEY (`iki_id`) REFERENCES `ikimina_info` (`iki_id`) ON DELETE NO ACTION ON UPDATE CASCADE,
  ADD CONSTRAINT `fk_members_type` FOREIGN KEY (`member_type_id`) REFERENCES `member_type_info` (`member_type_id`) ON DELETE NO ACTION ON UPDATE CASCADE;

--
-- Constraints for table `member_access_info`
--
ALTER TABLE `member_access_info`
  ADD CONSTRAINT `fk_member_access_member` FOREIGN KEY (`member_id`) REFERENCES `members_info` (`member_id`) ON DELETE CASCADE ON UPDATE CASCADE;

--
-- Constraints for table `member_saving_activities`
--
ALTER TABLE `member_saving_activities`
  ADD CONSTRAINT `member_saving_activities_ibfk_1` FOREIGN KEY (`member_id`) REFERENCES `members_info` (`member_id`) ON DELETE CASCADE,
  ADD CONSTRAINT `member_saving_activities_ibfk_2` FOREIGN KEY (`slot_id`) REFERENCES `ikimina_saving_slots` (`slot_id`) ON DELETE CASCADE;

--
-- Constraints for table `penalties`
--
ALTER TABLE `penalties`
  ADD CONSTRAINT `penalties_ibfk_1` FOREIGN KEY (`member_id`) REFERENCES `members_info` (`member_id`) ON DELETE CASCADE,
  ADD CONSTRAINT `penalties_ibfk_2` FOREIGN KEY (`iki_id`) REFERENCES `ikimina_info` (`iki_id`) ON DELETE CASCADE;

--
-- Constraints for table `savings_info`
--
ALTER TABLE `savings_info`
  ADD CONSTRAINT `savings_info_ibfk_1` FOREIGN KEY (`member_id`) REFERENCES `members_info` (`member_id`),
  ADD CONSTRAINT `savings_info_ibfk_2` FOREIGN KEY (`iki_id`) REFERENCES `ikimina_info` (`iki_id`);

--
-- Constraints for table `saving_cycles`
--
ALTER TABLE `saving_cycles`
  ADD CONSTRAINT `saving_cycles_ibfk_1` FOREIGN KEY (`iki_id`) REFERENCES `ikimina_info` (`iki_id`);

--
-- Constraints for table `saving_slots`
--
ALTER TABLE `saving_slots`
  ADD CONSTRAINT `saving_slots_ibfk_1` FOREIGN KEY (`member_id`) REFERENCES `members_info` (`member_id`),
  ADD CONSTRAINT `saving_slots_ibfk_2` FOREIGN KEY (`iki_id`) REFERENCES `ikimina_info` (`iki_id`);
COMMIT;

/*!40101 SET CHARACTER_SET_CLIENT=@OLD_CHARACTER_SET_CLIENT */;
/*!40101 SET CHARACTER_SET_RESULTS=@OLD_CHARACTER_SET_RESULTS */;
/*!40101 SET COLLATION_CONNECTION=@OLD_COLLATION_CONNECTION */;
